query,category,intent,city,region_code,url,domain,rank,serp_page,title,snippet,page_type,fetch_status,fetch_error,target_score
натяжные потолки Москва,натяжные потолки,commercial,Москва,213,https://lemanapro.ru/uslugi/gotovye-resheniya-pod-klyuch/natyazhnye-potolki-na-zakaz/,lemanapro.ru,7,0,,,content,failed,Browser rendering did not produce usable content,33.3333
натяжные потолки Казань,натяжные потолки,commercial,Казань,43,https://www.abbakazan.ru/,abbakazan.ru,8,0,,,homepage,failed,"Page.goto: Timeout 30000ms exceeded.
Call log:
  - navigating to ""https://www.abbakazan.ru/"", waiting until ""domcontentloaded""
",22.2222
натяжные потолки Казань,натяжные потолки,commercial,Казань,43,https://potolokkazan.ru/,potolokkazan.ru,10,0,,,homepage,failed,"Page.goto: Timeout 30000ms exceeded.
Call log:
  - navigating to ""https://potolokkazan.ru/"", waiting until ""domcontentloaded""
",0.0
пластиковые окна Москва,пластиковые окна,commercial,Москва,213,https://www.mosokna.ru/,mosokna.ru,2,0,,,homepage,failed,"Page.goto: net::ERR_SSL_PROTOCOL_ERROR at https://www.mosokna.ru/
Call log:
  - navigating to ""https://www.mosokna.ru/"", waiting until ""domcontentloaded""
",88.8889
пластиковые окна Новосибирск,пластиковые окна,commercial,Новосибирск,65,https://novosibirsk.lemanapro.ru/catalogue/plastikovye-okna/,novosibirsk.lemanapro.ru,8,0,,,product,failed,Browser rendering did not produce usable content,22.2222
входные двери Москва,входные двери,commercial,Москва,213,https://lemanapro.ru/catalogue/vhodnye-dveri/,lemanapro.ru,1,0,,,product,failed,Browser rendering did not produce usable content,100.0
входные двери Санкт-Петербург,входные двери,commercial,Санкт-Петербург,2,https://www.dverishop.ru/,dverishop.ru,5,0,,,homepage,failed,"Page.goto: net::ERR_CERT_COMMON_NAME_INVALID at https://www.dverishop.ru/
Call log:
  - navigating to ""https://www.dverishop.ru/"", waiting until ""domcontentloaded""
",55.5556
входные двери Санкт-Петербург,входные двери,commercial,Санкт-Петербург,2,https://guardian-spb.ru/,guardian-spb.ru,8,0,,,homepage,failed,"Page.goto: net::ERR_NAME_NOT_RESOLVED at https://guardian-spb.ru/
Call log:
  - navigating to ""https://guardian-spb.ru/"", waiting until ""domcontentloaded""
",22.2222
входные двери Санкт-Петербург,входные двери,commercial,Санкт-Петербург,2,https://slavnie.ru/catalog/vkhodnye_dveri/,slavnie.ru,9,0,,,product,failed,"Page.goto: net::ERR_NAME_NOT_RESOLVED at https://slavnie.ru/catalog/vkhodnye_dveri/
Call log:
  - navigating to ""https://slavnie.ru/catalog/vkhodnye_dveri/"", waiting until ""domcontentloaded""
",11.1111
входные двери Санкт-Петербург,входные двери,commercial,Санкт-Петербург,2,https://www.mk-doors.ru/dveri/vhodnye-dveri/,mk-doors.ru,10,0,,,content,failed,"Page.goto: net::ERR_NAME_NOT_RESOLVED at https://www.mk-doors.ru/dveri/vhodnye-dveri/
Call log:
  - navigating to ""https://www.mk-doors.ru/dveri/vhodnye-dveri/"", waiting until ""domcontentloaded""
",0.0
входные двери Новосибирск,входные двери,commercial,Новосибирск,65,https://nsk-dveri.ru/,nsk-dveri.ru,5,0,,,homepage,failed,"Page.goto: net::ERR_SSL_PROTOCOL_ERROR at https://nsk-dveri.ru/
Call log:
  - navigating to ""https://nsk-dveri.ru/"", waiting until ""domcontentloaded""
",55.5556
входные двери Казань,входные двери,commercial,Казань,43,https://kazan.lemanapro.ru/catalogue/vhodnye-dveri/,kazan.lemanapro.ru,5,0,,,product,failed,Browser rendering did not produce usable content,55.5556
входные двери Краснодар,входные двери,commercial,Краснодар,35,https://krasnodar.lemanapro.ru/catalogue/vhodnye-dveri/,krasnodar.lemanapro.ru,3,0,,,product,failed,Browser rendering did not produce usable content,77.7778
входные двери Самара,входные двери,commercial,Самара,51,https://samara.lemanapro.ru/catalogue/vhodnye-dveri/,samara.lemanapro.ru,2,0,,,product,failed,Browser rendering did not produce usable content,88.8889
кухни на заказ Санкт-Петербург,кухни на заказ,commercial,Санкт-Петербург,2,https://spb.stilkuhni.ru/,spb.stilkuhni.ru,4,0,,,homepage,failed,"Page.goto: net::ERR_SSL_PROTOCOL_ERROR at https://spb.stilkuhni.ru/
Call log:
  - navigating to ""https://spb.stilkuhni.ru/"", waiting until ""domcontentloaded""
",66.6667
кухни на заказ Новосибирск,кухни на заказ,commercial,Новосибирск,65,https://sandra-kuhni.ru/,sandra-kuhni.ru,5,0,,,homepage,failed,"Page.goto: net::ERR_CONNECTION_TIMED_OUT at https://sandra-kuhni.ru/
Call log:
  - navigating to ""https://sandra-kuhni.ru/"", waiting until ""domcontentloaded""
",55.5556
кухни на заказ Казань,кухни на заказ,commercial,Казань,43,https://vekexpress.ru/,vekexpress.ru,2,0,,,homepage,failed,"Page.goto: net::ERR_CONNECTION_RESET at https://vekexpress.ru/
Call log:
  - navigating to ""https://vekexpress.ru/"", waiting until ""domcontentloaded""
",88.8889
кухни на заказ Краснодар,кухни на заказ,commercial,Краснодар,35,https://novaya-mebel.pro/katalog-mebeli/kuhni/,novaya-mebel.pro,8,0,,,content,failed,"Page.goto: net::ERR_CONNECTION_TIMED_OUT at https://novaya-mebel.pro/katalog-mebeli/kuhni/
Call log:
  - navigating to ""https://novaya-mebel.pro/katalog-mebeli/kuhni/"", waiting until ""domcontentloaded""
",22.2222
шкафы-купе Москва,шкафы-купе,commercial,Москва,213,https://lemanapro.ru/catalogue/shkafy-kupe/,lemanapro.ru,9,0,,,product,failed,Browser rendering did not produce usable content,11.1111
шкафы-купе Москва,шкафы-купе,commercial,Москва,213,https://lemanapro.ru/catalogue/shkafy-kupe/,lemanapro.ru,10,0,,,product,failed,Browser rendering did not produce usable content,0.0
шкафы-купе Санкт-Петербург,шкафы-купе,commercial,Санкт-Петербург,2,https://spb.lemanapro.ru/catalogue/shkafy/,spb.lemanapro.ru,10,0,,,product,failed,Browser rendering did not produce usable content,0.0
шкафы-купе Екатеринбург,шкафы-купе,commercial,Екатеринбург,54,https://ekaterinburg.lemanapro.ru/catalogue/shkafy-kupe/,ekaterinburg.lemanapro.ru,3,0,,,product,failed,Browser rendering did not produce usable content,77.7778
шкафы-купе Екатеринбург,шкафы-купе,commercial,Екатеринбург,54,https://33komoda.ru/catalog/shkafy_kupe/,33komoda.ru,4,0,,,product,failed,"Page.goto: Timeout 30000ms exceeded.
Call log:
  - navigating to ""https://33komoda.ru/catalog/shkafy_kupe/"", waiting until ""domcontentloaded""
",66.6667
шкафы-купе Новосибирск,шкафы-купе,commercial,Новосибирск,65,https://novosibirsk.lemanapro.ru/catalogue/shkafy-kupe/,novosibirsk.lemanapro.ru,1,0,,,product,failed,Browser rendering did not produce usable content,100.0
шкафы-купе Казань,шкафы-купе,commercial,Казань,43,https://kazan.lemanapro.ru/catalogue/shkafy-kupe/,kazan.lemanapro.ru,3,0,,,product,failed,Browser rendering did not produce usable content,77.7778
шкафы-купе Казань,шкафы-купе,commercial,Казань,43,https://www.kazan.bestmebelshop.ru/catalog/shkafy-kupe/,kazan.bestmebelshop.ru,6,0,,,product,failed,"Page.goto: Timeout 30000ms exceeded.
Call log:
  - navigating to ""https://www.kazan.bestmebelshop.ru/catalog/shkafy-kupe/"", waiting until ""domcontentloaded""
",44.4444
шкафы-купе Краснодар,шкафы-купе,commercial,Краснодар,35,https://krasnodar.lemanapro.ru/catalogue/shkafy-kupe/,krasnodar.lemanapro.ru,2,0,,,product,failed,Browser rendering did not produce usable content,88.8889
шкафы-купе Самара,шкафы-купе,commercial,Самара,51,https://samara.lemanapro.ru/catalogue/shkafy-kupe/,samara.lemanapro.ru,1,0,,,product,failed,Browser rendering did not produce usable content,100.0
шкафы-купе Самара,шкафы-купе,commercial,Самара,51,https://samara.bestmebelshop.ru/catalog/shkafy-kupe/,samara.bestmebelshop.ru,8,0,,,product,failed,"Page.goto: Timeout 30000ms exceeded.
Call log:
  - navigating to ""https://samara.bestmebelshop.ru/catalog/shkafy-kupe/"", waiting until ""domcontentloaded""
",22.2222
шкафы-купе Нижний Новгород,шкафы-купе,commercial,Нижний Новгород,47,https://www.nn.bestmebelshop.ru/catalog/shkafy-kupe/,nn.bestmebelshop.ru,5,0,,,product,failed,"Page.goto: Timeout 30000ms exceeded.
Call log:
  - navigating to ""https://www.nn.bestmebelshop.ru/catalog/shkafy-kupe/"", waiting until ""domcontentloaded""
",55.5556
ремонт квартир Москва,ремонт квартир,commercial,Москва,213,https://domclick.ru/my-home/promo/remont,domclick.ru,9,0,,,content,failed,Browser rendering did not produce usable content,11.1111
ремонт квартир Екатеринбург,ремонт квартир,commercial,Екатеринбург,54,https://www.kp.ru/russia/ekaterinburg/luchshie-kompanii-po-remontu-kvartir-v-ekaterinburge/,kp.ru,1,0,,,content,failed,"Page.goto: net::ERR_SSL_PROTOCOL_ERROR at https://www.kp.ru/russia/ekaterinburg/luchshie-kompanii-po-remontu-kvartir-v-ekaterinburge/
Call log:
  - navigating to ""https://www.kp.ru/russia/ekaterinburg/luchshie-kompanii-po-remontu-kvartir-v-ekaterinburge/"", waiting until ""domcontentloaded""
",100.0
ремонт квартир Краснодар,ремонт квартир,commercial,Краснодар,35,https://www.kp.ru/russia/krasnodar/luchshie-kompanii-po-remontu-kvartir-v-krasnodare/,kp.ru,2,0,,,content,failed,"Page.goto: net::ERR_SSL_PROTOCOL_ERROR at https://www.kp.ru/russia/krasnodar/luchshie-kompanii-po-remontu-kvartir-v-krasnodare/
Call log:
  - navigating to ""https://www.kp.ru/russia/krasnodar/luchshie-kompanii-po-remontu-kvartir-v-krasnodare/"", waiting until ""domcontentloaded""
",88.8889
ремонт квартир Нижний Новгород,ремонт квартир,commercial,Нижний Новгород,47,https://chm152.ru/,chm152.ru,6,0,,,homepage,failed,"Page.goto: net::ERR_CONNECTION_REFUSED at https://chm152.ru/
Call log:
  - navigating to ""https://chm152.ru/"", waiting until ""domcontentloaded""
",44.4444
