dataset_version,feature_schema_version,extraction_artifact_version,label_schema_version,label_source,weak_target_score,expert_target_score,query,category,intent,city,region_code,url,domain,rank,serp_page,title,snippet,page_type,fetch_status,fetch_error,artifact_path,artifact_sha1,artifact_size_bytes,target_score,text_length_chars,html_length_chars,word_count,unique_word_count,unique_word_ratio,avg_word_length,sentence_count,avg_sentence_length,paragraph_count,h1_count,h2_count,h3_count,heading_count,title_present,title_length,meta_description_present,meta_description_length,query_in_title,query_in_text,exact_query_count,query_term_count,title_query_term_count,meta_query_term_count,title_keyword_coverage_ratio,meta_keyword_coverage_ratio,query_terms_in_headings,heading_query_coverage_ratio,first_200_words_query_term_count,query_density,keyword_coverage_ratio,link_count,image_count,list_item_count,strong_tag_count,form_count,input_count,inputs_per_form_ratio,avg_paragraph_length,link_density_per_1000_words,image_density_per_1000_words,list_density_per_1000_words,strong_density_per_1000_words,text_to_html_ratio,semantic_similarity,early_query_coverage_ratio,conversion_signal_score,content_link_ratio,heading_paragraph_balance,query_semantic_alignment,title_semantic_alignment,heading_semantic_alignment,title_heading_keyword_alignment,content_depth_semantic_score,query_prominence_score,title_length_quality,meta_length_quality,keyword_balance_score,semantic_content_richness,cta_semantic_score,http_status_code,http_status_ok,redirect_count,has_redirect,canonical_present,canonical_matches_final_url,meta_robots_present,x_robots_tag_present,robots_noindex,robots_nofollow,page_indexable,viewport_present,lang_present,hreflang_count,hreflang_present,url_depth,url_parameter_count,url_has_query_parameters,redirect_efficiency_score,url_hygiene_score,technical_metadata_score,canonical_signal_score,technical_seo_score,phone_present,phone_count,email_present,address_present,business_hours_present,price_present,currency_present,delivery_info_present,payment_info_present,warranty_info_present,returns_info_present,reviews_present,rating_present,faq_present,cta_present,cta_count,messenger_present,value_proposition_present,legal_requisites_present,company_identity_present,contact_options_score,commercial_signal_count,trust_signal_count,commercial_signals_score,trust_signals_score,commercial_trust_score
dataset-v7-final,v2,extraction-v2,hybrid-v1,weak_serp,100.0,,ветеринарная клиника Москва,veterinary_clinic,commercial,Москва,213,https://yandex.ru/maps/213/moscow/category/veterinary_clinic/184107216/,yandex.ru,1,0,,,category,ok,,artifacts\query--37c83e89137cd279.json,0cb589adb20ce3640d08f96beb80ae30d5289410,1612690,100.0,2359.0,1434452.0,348.0,190.0,0.5459770114942529,5.5833,15.0,23.2,1.0,1.0,0.0,0.0,1.0,1.0,69.0,1.0,171.0,0.0,0.0,0.0,33.0,1.0,1.0,0.333333,0.333333,1.0,0.333333,19.0,0.094828,1.0,77.0,25.0,9.0,0.0,1.0,1.0,1.0,348.0,221.264368,71.83908,25.862069,0.0,0.001645,0.0,1.0,1.0,4.519481,1.0,0.0,0.0,0.0,0.111111,0.0,0.6,0.745455,0.82069,0.0,0.0,0.0,200.0,1.0,0.0,0.0,1.0,1.0,0.0,0.0,0.0,0.0,1.0,1.0,1.0,4.0,1.0,6.0,3.0,1.0,1.0,0.1,1.0,1.0,0.82,1.0,26.0,0.0,1.0,1.0,1.0,1.0,1.0,1.0,0.0,1.0,1.0,1.0,1.0,1.0,1.0,1.0,1.0,1.0,1.0,0.8,9.0,7.0,1.0,0.777778,0.859259
dataset-v7-final,v2,extraction-v2,hybrid-v1,weak_serp,88.8889,,ветеринарная клиника Москва,veterinary_clinic,commercial,Москва,213,https://vet.city/,vet.city,2,0,,,homepage,ok,,artifacts\query--bad0a5e504f60578.json,696e2c1c301b6fb2ea5be24b85547801afa76683,1191174,88.8889,23000.0,1053289.0,3293.0,1165.0,0.353780747039174,5.7786,190.0,17.3316,97.0,1.0,9.0,19.0,29.0,1.0,86.0,1.0,265.0,0.0,0.0,0.0,48.0,2.0,4.0,0.666667,1.0,2.0,0.666667,2.0,0.014576,1.0,153.0,154.0,84.0,1.0,8.0,57.0,7.125,33.9485,46.462193,46.765867,25.508655,0.303674,0.021836,0.0,0.666667,1.0,21.522876,0.298969,0.0,0.0,0.0,0.444444,0.0,0.716667,0.436364,0.172414,0.485879,0.0,0.0,200.0,1.0,0.0,0.0,0.0,0.0,0.0,0.0,0.0,0.0,1.0,1.0,1.0,0.0,0.0,0.0,0.0,0.0,1.0,1.0,1.0,0.75,0.95,1.0,5.0,0.0,1.0,1.0,1.0,1.0,0.0,1.0,0.0,1.0,1.0,0.0,0.0,1.0,8.0,1.0,1.0,1.0,1.0,0.8,7.0,6.0,0.777778,0.666667,0.748148
dataset-v7-final,v2,extraction-v2,hybrid-v1,weak_serp,77.7778,,ветеринарная клиника Москва,veterinary_clinic,commercial,Москва,213,https://mos-obvet.ru/clinics/,mos-obvet.ru,3,0,,,content,ok,,artifacts\query--aa238287d78e1e8e.json,a7855801e2d388d9928c7e07fe3e776f9259b92c,345488,77.7778,6800.0,303968.0,1044.0,318.0,0.3045977011494253,5.2232,79.0,13.2152,142.0,0.0,27.0,2.0,29.0,1.0,43.0,1.0,92.0,0.0,1.0,2.0,76.0,3.0,3.0,1.0,0.666667,37.0,0.666667,15.0,0.072797,1.0,72.0,3.0,28.0,2.0,0.0,0.0,0.0,7.3521,68.965517,2.873563,26.819923,1.915709,0.022371,0.0,1.0,0.5,14.5,0.204225,0.0,0.0,0.0,0.666667,0.0,0.916667,0.781818,0.634483,0.0,0.0,0.0,200.0,1.0,0.0,0.0,1.0,1.0,1.0,0.0,0.0,0.0,1.0,1.0,1.0,0.0,0.0,1.0,0.0,0.0,1.0,0.9,1.0,1.0,0.98,1.0,3.0,1.0,1.0,0.0,0.0,1.0,0.0,1.0,0.0,1.0,0.0,0.0,0.0,0.0,0.0,1.0,0.0,1.0,1.0,0.8,3.0,5.0,0.333333,0.555556,0.562963
dataset-v7-final,v2,extraction-v2,hybrid-v1,weak_serp,55.5556,,ветеринарная клиника Москва,veterinary_clinic,commercial,Москва,213,https://2gis.ru/moscow/search/Ветеринарные клиники (ветклиники)/rubricId/205,2gis.ru,5,0,,,content,ok,,artifacts\query--67ec198136bce5d8.json,b4ee01df93ada666c70bf7771fe9638b87a6627a,1248721,55.5556,8453.0,953799.0,947.0,555.0,0.5860612460401268,6.7096,38.0,24.9211,1.0,1.0,1.0,5.0,7.0,1.0,80.0,1.0,146.0,0.0,0.0,0.0,68.0,3.0,2.0,1.0,0.666667,3.0,0.666667,5.0,0.071806,1.0,362.0,26.0,58.0,0.0,1.0,24.0,24.0,947.0,382.259768,27.455121,61.24604,0.0,0.008862,0.0,1.0,1.0,2.616022,7.0,0.0,0.0,0.0,0.666667,0.0,0.916667,0.545455,0.993103,0.0,0.0,0.0,200.0,1.0,0.0,0.0,1.0,1.0,0.0,0.0,0.0,0.0,1.0,1.0,1.0,0.0,0.0,5.0,0.0,0.0,1.0,0.5,1.0,1.0,0.9,1.0,298.0,0.0,1.0,1.0,1.0,1.0,1.0,1.0,0.0,1.0,1.0,1.0,1.0,1.0,3.0,0.0,1.0,1.0,1.0,0.6,9.0,7.0,1.0,0.777778,0.792593
dataset-v7-final,v2,extraction-v2,hybrid-v1,weak_serp,44.4444,,ветеринарная клиника Москва,veterinary_clinic,commercial,Москва,213,https://veterinarnye-kliniki-moskvy.ru/,veterinarnye-kliniki-moskvy.ru,6,0,,,homepage,ok,,artifacts\query--2c2a2a487a708e1b.json,4d69aeb8cb674c99660101c74117a82463966f11,93394,44.4444,21260.0,32192.0,2312.0,1326.0,0.5735294117647058,7.8002,228.0,10.1404,245.0,1.0,1.0,7.0,9.0,1.0,55.0,1.0,199.0,0.0,0.0,0.0,175.0,3.0,3.0,1.0,1.0,9.0,1.0,25.0,0.075692,1.0,2.0,27.0,73.0,0.0,0.0,0.0,0.0,9.4367,0.865052,11.678201,31.574394,0.0,0.660413,0.0,1.0,0.5,1156.0,0.036735,0.0,0.0,0.0,1.0,0.0,1.0,1.0,0.627586,0.0,0.0,0.0,200.0,1.0,0.0,0.0,1.0,0.0,0.0,0.0,0.0,0.0,1.0,1.0,1.0,0.0,0.0,0.0,0.0,0.0,1.0,1.0,1.0,0.0,0.8,1.0,10.0,0.0,1.0,1.0,1.0,1.0,1.0,1.0,1.0,1.0,0.0,1.0,0.0,0.0,0.0,0.0,1.0,1.0,1.0,0.6,7.0,7.0,0.777778,0.777778,0.718519
dataset-v7-final,v2,extraction-v2,hybrid-v1,weak_serp,33.3333,,ветеринарная клиника Москва,veterinary_clinic,commercial,Москва,213,https://dr-hug.vet/,dr-hug.vet,7,0,,,homepage,ok,,artifacts\query--5c123c1e3ef3f5a9.json,568c61d756cd1f369f653a940f2b88f0b32d5061,279133,33.3333,14761.0,205838.0,1963.0,813.0,0.4141619969434539,6.3031,198.0,9.9141,26.0,2.0,0.0,3.0,5.0,1.0,84.0,1.0,150.0,0.0,0.0,0.0,37.0,3.0,3.0,1.0,1.0,4.0,0.666667,7.0,0.018849,1.0,125.0,47.0,97.0,7.0,3.0,16.0,5.333333,75.5,63.678044,23.942944,49.414162,3.56597,0.071712,0.0,1.0,1.0,15.704,0.192308,0.0,0.0,0.0,0.666667,0.0,0.916667,0.472727,0.965517,0.62829,0.0,0.0,200.0,1.0,0.0,0.0,1.0,1.0,1.0,0.0,0.0,0.0,1.0,1.0,1.0,0.0,0.0,0.0,0.0,0.0,1.0,1.0,1.0,1.0,1.0,1.0,8.0,0.0,1.0,1.0,0.0,1.0,0.0,0.0,0.0,1.0,1.0,1.0,1.0,1.0,1.0,1.0,1.0,1.0,1.0,0.8,6.0,7.0,0.666667,0.777778,0.748148
dataset-v7-final,v2,extraction-v2,hybrid-v1,weak_serp,22.2222,,ветеринарная клиника Москва,veterinary_clinic,commercial,Москва,213,https://vetclinika.moscow/,vetclinika.moscow,8,0,,,homepage,ok,,artifacts\query--884d05dc79e2a7dc.json,b84c45e90494ce207787b941f6147b59f725c65c,301740,22.2222,127.0,230417.0,20.0,20.0,1.0,5.25,1.0,20.0,37.0,1.0,3.0,0.0,4.0,1.0,58.0,1.0,319.0,0.0,0.0,0.0,3.0,3.0,2.0,1.0,0.333333,0.0,0.0,3.0,0.15,1.0,189.0,166.0,111.0,0.0,7.0,64.0,9.142857,0.5405,9450.0,8300.0,5550.0,0.0,0.000551,0.0,1.0,1.0,0.10582,0.108108,0.0,0.0,0.0,0.0,0.0,0.75,0.945455,0.0,0.0,0.0,0.0,200.0,1.0,0.0,0.0,1.0,1.0,1.0,0.0,0.0,0.0,1.0,1.0,0.0,0.0,0.0,0.0,0.0,0.0,1.0,1.0,0.5,1.0,0.9,1.0,1.0,1.0,1.0,0.0,1.0,1.0,0.0,1.0,0.0,1.0,1.0,0.0,1.0,1.0,1.0,0.0,1.0,1.0,1.0,0.6,7.0,6.0,0.777778,0.666667,0.681481
dataset-v7-final,v2,extraction-v2,hybrid-v1,weak_serp,11.1111,,ветеринарная клиника Москва,veterinary_clinic,commercial,Москва,213,https://www.svoydoctor.ru/,svoydoctor.ru,9,0,,,homepage,ok,,artifacts\query--b0734d68e553c62f.json,6d05e6ff036c0d90ea9e4cf1a00c919d28b52ef8,268737,11.1111,13769.0,168721.0,1680.0,644.0,0.38333333333333336,7.0571,100.0,16.8,54.0,1.0,3.0,0.0,4.0,1.0,71.0,1.0,173.0,0.0,0.0,0.0,58.0,3.0,3.0,1.0,1.0,4.0,1.0,9.0,0.034524,1.0,318.0,31.0,103.0,8.0,2.0,4.0,2.0,31.1111,189.285714,18.452381,61.309524,4.761905,0.081608,0.0,1.0,1.0,5.283019,0.074074,0.0,0.0,0.0,1.0,0.0,1.0,0.709091,0.806897,0.849206,0.0,0.0,200.0,1.0,0.0,0.0,0.0,0.0,0.0,0.0,0.0,0.0,1.0,1.0,1.0,0.0,0.0,0.0,0.0,0.0,1.0,1.0,1.0,0.75,0.95,1.0,2.0,0.0,1.0,0.0,1.0,1.0,0.0,1.0,0.0,1.0,1.0,0.0,0.0,1.0,1.0,1.0,1.0,1.0,1.0,0.6,6.0,5.0,0.666667,0.555556,0.607407
dataset-v7-final,v2,extraction-v2,hybrid-v1,weak_serp,0.0,,ветеринарная клиника Москва,veterinary_clinic,commercial,Москва,213,https://zoon.ru/msk/vet/,zoon.ru,10,0,,,content,ok,,artifacts\query--03122dd957d18f03.json,9e800dc058c52aec3ae7a2f154042522f3531979,1580027,0.0,43319.0,1162373.0,6251.0,2030.0,0.3247480403135498,5.5417,140.0,44.65,2.0,1.0,2.0,0.0,3.0,1.0,115.0,1.0,290.0,0.0,0.0,0.0,219.0,3.0,6.0,1.0,1.0,3.0,1.0,7.0,0.035034,1.0,858.0,55.0,286.0,0.0,2.0,9.0,4.5,3125.5,137.258039,8.798592,45.75268,0.0,0.037268,0.0,1.0,1.0,7.285548,1.5,0.0,0.0,0.0,1.0,0.0,1.0,0.0,0.0,0.832187,0.0,0.0,200.0,1.0,0.0,0.0,1.0,1.0,0.0,0.0,0.0,0.0,1.0,1.0,1.0,0.0,0.0,2.0,0.0,0.0,1.0,0.8,1.0,1.0,0.96,1.0,32.0,1.0,1.0,1.0,1.0,1.0,1.0,1.0,0.0,1.0,1.0,1.0,1.0,1.0,32.0,1.0,1.0,1.0,1.0,1.0,9.0,8.0,1.0,0.888889,0.962963
dataset-v7-final,v2,extraction-v2,hybrid-v1,weak_serp,100.0,,ветеринарная клиника цена,veterinary_clinic,commercial,,,https://www.biocontrol.ru/uslugi-i-ceny.html,biocontrol.ru,1,0,,,content,ok,,artifacts\query--0410128ff5b53c57.json,fb988344f3eb570987575e9273556ebb5a697dab,828627,100.0,107847.0,491565.0,14020.0,2941.0,0.20977175463623396,6.4935,1241.0,11.2973,389.0,1.0,0.0,12.0,13.0,1.0,47.0,0.0,0.0,0.0,0.0,0.0,31.0,2.0,0.0,0.666667,0.0,0.0,0.0,6.0,0.002211,1.0,183.0,10.0,104.0,1242.0,9.0,9.0,1.0,36.0411,13.052782,0.713267,7.417974,88.587732,0.219395,0.0,1.0,1.0,76.612022,0.033419,0.0,0.0,0.0,0.0,0.0,0.633333,0.854545,0.0,0.073704,0.0,0.0,200.0,1.0,0.0,0.0,1.0,1.0,1.0,0.0,0.0,0.0,1.0,1.0,1.0,0.0,0.0,1.0,0.0,0.0,1.0,0.9,1.0,1.0,0.98,1.0,1.0,0.0,1.0,1.0,1.0,1.0,1.0,1.0,0.0,1.0,1.0,0.0,1.0,1.0,1.0,1.0,1.0,1.0,1.0,0.8,9.0,6.0,1.0,0.666667,0.822222
dataset-v7-final,v2,extraction-v2,hybrid-v1,weak_serp,88.8889,,ветеринарная клиника цена,veterinary_clinic,commercial,,,https://vetsy.ru/clinics/,vetsy.ru,2,0,,,content,ok,,artifacts\query--d3de484adbc13aa3.json,f6deddb5042cd11f12b234284baa322d12cacb06,334751,88.8889,9055.0,279217.0,1180.0,453.0,0.38389830508474576,6.5492,53.0,22.2642,8.0,1.0,1.0,4.0,6.0,1.0,69.0,1.0,123.0,0.0,0.0,0.0,61.0,3.0,5.0,0.666667,0.666667,2.0,0.666667,11.0,0.051695,0.666667,70.0,12.0,22.0,2.0,1.0,8.0,8.0,147.5,59.322034,10.169492,18.644068,1.694915,0.03243,0.0,1.0,1.0,16.857143,0.75,0.0,0.0,0.0,0.444444,0.0,0.75,0.745455,0.848276,0.184557,0.0,0.0,200.0,1.0,0.0,0.0,1.0,1.0,0.0,0.0,0.0,0.0,1.0,1.0,1.0,0.0,0.0,1.0,0.0,0.0,1.0,0.9,1.0,1.0,0.98,1.0,2.0,1.0,1.0,1.0,0.0,1.0,0.0,0.0,0.0,1.0,1.0,1.0,1.0,1.0,1.0,1.0,0.0,1.0,1.0,1.0,5.0,8.0,0.555556,0.888889,0.814815
dataset-v7-final,v2,extraction-v2,hybrid-v1,weak_serp,77.7778,,ветеринарная клиника цена,veterinary_clinic,commercial,,,https://www.vetaclinic.ru/price/,vetaclinic.ru,3,0,,,content,ok,,artifacts\query--1426a4ae9fca3585.json,85d8ea5286aba450396e4ff9ee1dd54b91347a8b,1320668,77.7778,61735.0,1038870.0,8939.0,1118.0,0.12506991833538428,5.7449,121.0,73.876,23.0,1.0,34.0,47.0,82.0,1.0,78.0,1.0,244.0,0.0,0.0,0.0,58.0,2.0,2.0,0.666667,0.666667,3.0,0.666667,9.0,0.006488,1.0,149.0,5.0,73.0,25.0,6.0,46.0,7.666667,388.6522,16.668531,0.559347,8.166462,2.796733,0.059425,0.0,1.0,1.0,59.993289,3.565217,0.0,0.0,0.0,0.444444,0.0,0.8,0.581818,0.317241,0.216281,0.0,0.0,200.0,1.0,0.0,0.0,1.0,1.0,1.0,0.0,0.0,0.0,1.0,1.0,1.0,0.0,0.0,1.0,0.0,0.0,1.0,0.9,1.0,1.0,0.98,1.0,5.0,1.0,1.0,1.0,0.0,1.0,1.0,0.0,0.0,1.0,1.0,0.0,0.0,1.0,11.0,1.0,1.0,1.0,1.0,1.0,6.0,7.0,0.666667,0.777778,0.814815
dataset-v7-final,v2,extraction-v2,hybrid-v1,weak_serp,66.6667,,ветеринарная клиника цена,veterinary_clinic,commercial,,,https://za-far.ru/prajs-list.html,za-far.ru,4,0,,,content,ok,,artifacts\query--67fef4f61ced6499.json,b390aa761154b7eea0faa2c857ea640e78cea4fc,42750,66.6667,4821.0,20879.0,740.0,336.0,0.4540540540540541,5.3122,66.0,11.2121,34.0,1.0,0.0,0.0,1.0,1.0,48.0,1.0,156.0,0.0,0.0,0.0,26.0,2.0,2.0,0.666667,0.666667,1.0,0.333333,13.0,0.035135,0.666667,40.0,7.0,9.0,2.0,0.0,0.0,0.0,21.7647,54.054054,9.459459,12.162162,2.702703,0.230902,0.0,1.0,0.5,18.5,0.029412,0.0,0.0,0.0,0.222222,0.0,0.666667,0.872727,0.924138,0.552553,0.0,0.0,200.0,1.0,0.0,0.0,1.0,1.0,0.0,0.0,0.0,0.0,1.0,1.0,0.0,0.0,0.0,1.0,0.0,0.0,1.0,0.9,0.5,1.0,0.88,1.0,5.0,1.0,1.0,1.0,1.0,1.0,0.0,1.0,0.0,1.0,0.0,0.0,0.0,0.0,0.0,1.0,1.0,0.0,0.0,1.0,6.0,4.0,0.666667,0.444444,0.703704
dataset-v7-final,v2,extraction-v2,hybrid-v1,weak_serp,55.5556,,ветеринарная клиника цена,veterinary_clinic,commercial,,,https://sotnikov-clinic.ru/,sotnikov-clinic.ru,5,0,,,homepage,ok,,artifacts\query--cedd6cdb5875ae08.json,d2fff881bb9876e10f8fd1c51465a6c6b26a651d,236893,55.5556,18513.0,166388.0,2739.0,1694.0,0.6184738955823293,5.5152,140.0,19.5643,60.0,0.0,7.0,1.0,8.0,1.0,48.0,0.0,0.0,0.0,0.0,0.0,48.0,2.0,0.0,0.666667,0.0,4.0,0.666667,12.0,0.017525,1.0,63.0,24.0,265.0,37.0,2.0,24.0,12.0,45.65,23.001095,8.762322,96.750639,13.50858,0.111264,0.0,1.0,1.0,43.47619,0.133333,0.0,0.0,0.0,0.444444,0.0,0.8,0.872727,0.0,0.584155,0.0,0.0,200.0,1.0,0.0,0.0,1.0,1.0,1.0,0.0,0.0,0.0,1.0,1.0,1.0,0.0,0.0,0.0,0.0,0.0,1.0,1.0,1.0,1.0,1.0,1.0,2.0,1.0,1.0,1.0,0.0,1.0,0.0,0.0,0.0,1.0,1.0,0.0,0.0,1.0,2.0,1.0,1.0,1.0,1.0,1.0,5.0,7.0,0.555556,0.777778,0.777778
dataset-v7-final,v2,extraction-v2,hybrid-v1,weak_serp,44.4444,,ветеринарная клиника цена,veterinary_clinic,commercial,,,https://www.spektrvet.ru/prices/,spektrvet.ru,6,0,,,content,ok,,artifacts\query--b324e3da47970d5f.json,974e4522bfe9e4a3c8387cf7a7859ce16ac0c80b,238734,44.4444,25143.0,147599.0,3370.0,1064.0,0.31572700296735906,6.2484,75.0,44.9333,53.0,1.0,0.0,0.0,1.0,1.0,27.0,1.0,68.0,0.0,0.0,0.0,61.0,2.0,0.0,0.666667,0.0,0.0,0.0,11.0,0.018101,1.0,147.0,39.0,33.0,5.0,2.0,12.0,6.0,63.5849,43.620178,11.5727,9.792285,1.48368,0.170347,0.0,1.0,1.0,22.92517,0.018868,0.0,0.0,0.0,0.0,0.0,0.633333,0.490909,0.468966,0.603363,0.0,0.0,200.0,1.0,0.0,0.0,1.0,1.0,0.0,0.0,0.0,0.0,1.0,1.0,1.0,0.0,0.0,1.0,0.0,0.0,1.0,0.9,1.0,1.0,0.98,1.0,11.0,1.0,1.0,1.0,0.0,1.0,0.0,0.0,0.0,1.0,0.0,1.0,0.0,1.0,1.0,1.0,1.0,1.0,1.0,1.0,5.0,7.0,0.555556,0.777778,0.777778
dataset-v7-final,v2,extraction-v2,hybrid-v1,weak_serp,33.3333,,ветеринарная клиника цена,veterinary_clinic,commercial,,,https://vetcenter24.ru/tseny/priem,vetcenter24.ru,7,0,,,content,ok,,artifacts\query--1c7f7504e42c6d1b.json,cf133548d4a864f2ad15b6790fc46263c321e536,104265,33.3333,3376.0,87347.0,505.0,233.0,0.4613861386138614,5.5287,58.0,8.7069,3.0,1.0,0.0,0.0,1.0,1.0,41.0,1.0,69.0,0.0,0.0,0.0,8.0,1.0,1.0,0.333333,0.333333,0.0,0.0,6.0,0.015842,1.0,27.0,1.0,0.0,0.0,0.0,0.0,0.0,168.3333,53.465347,1.980198,0.0,0.0,0.03865,0.0,1.0,0.25,18.703704,0.333333,0.0,0.0,0.0,0.0,0.0,0.516667,0.745455,0.475862,0.528053,0.0,0.0,200.0,1.0,0.0,0.0,1.0,1.0,0.0,0.0,0.0,0.0,1.0,1.0,1.0,0.0,0.0,2.0,0.0,0.0,1.0,0.8,1.0,1.0,0.96,1.0,2.0,1.0,0.0,1.0,0.0,1.0,0.0,0.0,0.0,1.0,0.0,0.0,0.0,0.0,0.0,1.0,1.0,1.0,1.0,0.8,3.0,5.0,0.333333,0.555556,0.562963
dataset-v7-final,v2,extraction-v2,hybrid-v1,weak_serp,22.2222,,ветеринарная клиника цена,veterinary_clinic,commercial,,,https://bkvet.ru/,bkvet.ru,8,0,,,homepage,ok,,artifacts\query--553456dcb03aaa86.json,6ff4c7e98bf6c7b17894c329fbfe57870a225aa1,1198063,22.2222,9010.0,1096740.0,1155.0,473.0,0.4095238095238095,6.632,32.0,36.0938,17.0,1.0,5.0,1.0,7.0,1.0,48.0,1.0,141.0,0.0,0.0,0.0,67.0,0.0,2.0,0.0,0.666667,3.0,0.666667,3.0,0.058009,0.666667,252.0,146.0,48.0,1.0,4.0,20.0,5.0,67.9412,218.181818,126.406926,41.558442,0.865801,0.008215,0.0,1.0,1.0,4.583333,0.411765,0.0,0.0,0.0,0.0,0.0,0.516667,0.872727,0.972414,0.044252,0.0,0.0,200.0,1.0,0.0,0.0,1.0,1.0,1.0,0.0,0.0,0.0,1.0,1.0,1.0,0.0,0.0,0.0,0.0,0.0,1.0,1.0,1.0,1.0,1.0,1.0,3.0,1.0,1.0,1.0,0.0,1.0,0.0,1.0,0.0,1.0,0.0,0.0,1.0,1.0,1.0,1.0,1.0,1.0,1.0,1.0,7.0,6.0,0.777778,0.666667,0.814815
dataset-v7-final,v2,extraction-v2,hybrid-v1,weak_serp,11.1111,,ветеринарная клиника цена,veterinary_clinic,commercial,,,https://vet.city/services/price/,vet.city,9,0,,,category,ok,,artifacts\query--0056d8c323431d6f.json,98bf8fe3ffa0aa169223289440dbeabfd4e69328,847141,11.1111,6354.0,793895.0,834.0,433.0,0.5191846522781774,6.3417,61.0,13.6721,12.0,1.0,2.0,0.0,3.0,1.0,40.0,1.0,296.0,0.0,0.0,0.0,10.0,2.0,0.0,0.666667,0.0,0.0,0.0,2.0,0.01199,1.0,72.0,40.0,38.0,0.0,5.0,18.0,3.6,69.5,86.330935,47.961631,45.563549,0.0,0.008004,0.0,0.666667,1.0,11.583333,0.25,0.0,0.0,0.0,0.0,0.0,0.55,0.727273,0.0,0.39968,0.0,0.0,200.0,1.0,0.0,0.0,0.0,0.0,0.0,0.0,0.0,0.0,1.0,1.0,1.0,0.0,0.0,2.0,0.0,0.0,1.0,0.8,1.0,0.75,0.91,1.0,3.0,0.0,1.0,1.0,1.0,1.0,0.0,1.0,0.0,1.0,1.0,0.0,0.0,1.0,7.0,1.0,1.0,1.0,1.0,0.8,7.0,6.0,0.777778,0.666667,0.748148
dataset-v7-final,v2,extraction-v2,hybrid-v1,weak_serp,0.0,,ветеринарная клиника цена,veterinary_clinic,commercial,,,https://spbvet.com/napravleniya_raboty/,spbvet.com,10,0,,,content,ok,,artifacts\query--9aefcbf92520d338.json,b031808266f0ece2a6b65456a331f4809ea92138,86220,0.0,2887.0,56002.0,336.0,211.0,0.6279761904761905,7.4048,13.0,25.8462,3.0,1.0,7.0,1.0,9.0,1.0,13.0,1.0,46.0,0.0,0.0,0.0,15.0,0.0,2.0,0.0,0.666667,0.0,0.0,14.0,0.044643,0.666667,99.0,47.0,18.0,0.0,2.0,9.0,4.5,112.0,294.642857,139.880952,53.571429,0.0,0.051552,0.0,1.0,1.0,3.393939,3.0,0.0,0.0,0.0,0.0,0.0,0.35,0.236364,0.317241,0.34127,0.0,0.0,200.0,1.0,0.0,0.0,1.0,1.0,0.0,0.0,0.0,0.0,1.0,1.0,0.0,0.0,0.0,1.0,0.0,0.0,1.0,0.9,0.5,1.0,0.88,1.0,1.0,0.0,1.0,1.0,0.0,1.0,0.0,0.0,0.0,1.0,0.0,0.0,0.0,1.0,5.0,1.0,1.0,1.0,1.0,0.8,5.0,5.0,0.555556,0.555556,0.637037
dataset-v7-final,v2,extraction-v2,hybrid-v1,weak_serp,100.0,,ветеринарная клиника отзывы,veterinary_clinic,comparison,,,https://irecommend.ru/catalog/list/57,irecommend.ru,1,0,,,product,ok,,artifacts\query--0ad7cead812faafa.json,71e92a3031f698eaecb6f49faef6b96296d6ffde,148510,100.0,4638.0,101207.0,761.0,296.0,0.38896189224704336,4.8068,34.0,22.3824,1.0,1.0,0.0,0.0,1.0,1.0,19.0,1.0,34.0,0.0,0.0,0.0,95.0,1.0,1.0,0.333333,0.333333,0.0,0.0,35.0,0.124836,1.0,178.0,23.0,36.0,0.0,2.0,2.0,1.0,761.0,233.90276,30.22339,47.306176,0.0,0.045827,0.0,1.0,1.0,4.275281,1.0,0.0,0.0,0.0,0.0,0.0,0.516667,0.345455,0.234483,0.0,0.0,0.0,200.0,1.0,0.0,0.0,1.0,1.0,1.0,0.0,0.0,0.0,1.0,1.0,1.0,0.0,0.0,3.0,0.0,0.0,1.0,0.7,1.0,1.0,0.94,0.0,0.0,1.0,0.0,1.0,1.0,1.0,0.0,1.0,0.0,1.0,1.0,1.0,1.0,1.0,1.0,0.0,1.0,1.0,1.0,0.4,6.0,7.0,0.666667,0.777778,0.614815
dataset-v7-final,v2,extraction-v2,hybrid-v1,weak_serp,88.8889,,ветеринарная клиника отзывы,veterinary_clinic,comparison,,,https://vetsy.ru/clinics/,vetsy.ru,2,0,,,content,ok,,artifacts\query--46a5855c4955f6b4.json,bea0be1b2aaa2a7d772be231cafa90b025a515e1,334751,88.8889,9055.0,279217.0,1180.0,453.0,0.38389830508474576,6.5492,53.0,22.2642,8.0,1.0,1.0,4.0,6.0,1.0,69.0,1.0,123.0,0.0,0.0,0.0,76.0,4.0,6.0,1.0,1.0,2.0,0.666667,12.0,0.064407,1.0,70.0,12.0,22.0,2.0,1.0,8.0,8.0,147.5,59.322034,10.169492,18.644068,1.694915,0.03243,0.0,1.0,1.0,16.857143,0.75,0.0,0.0,0.0,0.666667,0.0,0.916667,0.745455,0.848276,0.0,0.0,0.0,200.0,1.0,0.0,0.0,1.0,1.0,0.0,0.0,0.0,0.0,1.0,1.0,1.0,0.0,0.0,1.0,0.0,0.0,1.0,0.9,1.0,1.0,0.98,1.0,2.0,1.0,1.0,1.0,0.0,1.0,0.0,0.0,0.0,1.0,1.0,1.0,1.0,1.0,1.0,1.0,0.0,1.0,1.0,1.0,5.0,8.0,0.555556,0.888889,0.814815
dataset-v7-final,v2,extraction-v2,hybrid-v1,weak_serp,77.7778,,ветеринарная клиника отзывы,veterinary_clinic,comparison,,,https://vetkliniki.su/,vetkliniki.su,3,0,,,homepage,ok,,artifacts\query--55bf42541c1004d3.json,701d9be53bc4fabefe5c957298428de7028cc060,246994,77.7778,6501.0,194897.0,885.0,440.0,0.4971751412429379,6.1514,61.0,14.5082,36.0,1.0,12.0,57.0,70.0,1.0,80.0,1.0,199.0,0.0,0.0,0.0,118.0,3.0,5.0,1.0,1.0,26.0,1.0,22.0,0.133333,1.0,118.0,10.0,31.0,0.0,1.0,4.0,4.0,24.5833,133.333333,11.299435,35.028249,0.0,0.033356,0.0,1.0,1.0,7.5,1.944444,0.0,0.0,0.0,1.0,0.0,1.0,0.545455,0.627586,0.0,0.0,0.0,200.0,1.0,0.0,0.0,1.0,1.0,0.0,0.0,0.0,0.0,1.0,1.0,1.0,0.0,0.0,0.0,0.0,0.0,1.0,1.0,1.0,1.0,1.0,0.0,0.0,0.0,1.0,1.0,0.0,1.0,0.0,1.0,1.0,1.0,1.0,1.0,1.0,1.0,1.0,0.0,1.0,0.0,1.0,0.4,6.0,7.0,0.666667,0.777778,0.614815
dataset-v7-final,v2,extraction-v2,hybrid-v1,weak_serp,66.6667,,ветеринарная клиника отзывы,veterinary_clinic,comparison,,,https://msk.vet-firmika.ru/__veterinarnaya_klinika_otzyvy,msk.vet-firmika.ru,4,0,,,content,ok,,artifacts\query--e39128b4d28aa1cd.json,83bcf77595a37b2f2b63e78cdf8bcb4781fcb7fa,161598,66.6667,17353.0,91833.0,2619.0,1261.0,0.48148148148148145,5.3853,178.0,14.7135,23.0,1.0,1.0,0.0,2.0,1.0,37.0,1.0,82.0,0.0,0.0,0.0,144.0,3.0,2.0,1.0,0.666667,6.0,1.0,25.0,0.054983,1.0,127.0,34.0,37.0,0.0,1.0,1.0,1.0,113.8696,48.491791,12.982054,14.12753,0.0,0.188963,0.0,1.0,1.0,20.622047,0.086957,0.0,0.0,0.0,1.0,0.0,1.0,0.672727,0.565517,0.167239,0.0,0.0,200.0,1.0,0.0,0.0,0.0,0.0,0.0,0.0,0.0,0.0,1.0,1.0,1.0,0.0,0.0,1.0,0.0,0.0,1.0,0.9,1.0,0.75,0.93,1.0,21.0,0.0,1.0,1.0,1.0,1.0,0.0,0.0,1.0,1.0,1.0,1.0,0.0,1.0,1.0,0.0,1.0,1.0,1.0,0.6,6.0,8.0,0.666667,0.888889,0.718519
dataset-v7-final,v2,extraction-v2,hybrid-v1,weak_serp,55.5556,,ветеринарная клиника отзывы,veterinary_clinic,comparison,,,https://www.avroravet.ru/reviews/,avroravet.ru,5,0,,,content,ok,,artifacts\query--d89b87b3b78e0856.json,0e40fc069620792c73557dffef2ffc678776b811,83908,55.5556,7216.0,44895.0,1062.0,589.0,0.5546139359698682,5.5678,119.0,8.9244,2.0,1.0,2.0,12.0,15.0,1.0,52.0,1.0,56.0,0.0,0.0,0.0,28.0,3.0,2.0,1.0,0.666667,4.0,1.0,6.0,0.026365,1.0,95.0,7.0,73.0,0.0,2.0,8.0,4.0,531.0,89.453861,6.591337,68.73823,0.0,0.160731,0.0,1.0,1.0,11.178947,7.5,0.0,0.0,0.0,1.0,0.0,1.0,0.945455,0.386207,0.878845,0.0,0.0,200.0,1.0,0.0,0.0,1.0,1.0,0.0,0.0,0.0,0.0,1.0,1.0,1.0,0.0,0.0,1.0,0.0,0.0,1.0,0.9,1.0,1.0,0.98,1.0,4.0,0.0,1.0,0.0,1.0,1.0,0.0,1.0,1.0,1.0,1.0,0.0,0.0,1.0,3.0,0.0,1.0,1.0,1.0,0.4,6.0,6.0,0.666667,0.666667,0.577778
dataset-v7-final,v2,extraction-v2,hybrid-v1,weak_serp,44.4444,,ветеринарная клиника отзывы,veterinary_clinic,comparison,,,https://medadvisor.ru/russia/clinics/veterinarnye-kliniki,medadvisor.ru,6,0,,,content,ok,,artifacts\query--85fb4cc601967967.json,312aa81e328417cb77d968991fa5ae4db5c09417,284774,44.4444,4901.0,248759.0,692.0,262.0,0.3786127167630058,5.8497,62.0,11.1613,2.0,1.0,0.0,0.0,1.0,1.0,143.0,1.0,211.0,0.0,0.0,0.0,124.0,4.0,3.0,1.0,1.0,2.0,0.666667,41.0,0.179191,1.0,131.0,4.0,53.0,0.0,0.0,6.0,0.0,346.0,189.306358,5.780347,76.589595,0.0,0.019702,0.0,1.0,0.75,5.282443,0.5,0.0,0.0,0.0,0.666667,0.0,0.916667,0.0,0.544828,0.0,0.0,0.0,200.0,1.0,0.0,0.0,1.0,1.0,0.0,0.0,0.0,0.0,1.0,1.0,0.0,0.0,0.0,3.0,0.0,0.0,1.0,0.7,0.5,1.0,0.84,1.0,1.0,1.0,1.0,0.0,0.0,1.0,0.0,0.0,0.0,0.0,1.0,1.0,0.0,0.0,0.0,1.0,1.0,1.0,1.0,0.8,3.0,6.0,0.333333,0.666667,0.6
dataset-v7-final,v2,extraction-v2,hybrid-v1,weak_serp,33.3333,,ветеринарная клиника отзывы,veterinary_clinic,comparison,,,https://petstime.ru/obzor-veterinarnoy-kliniki-vetcity,petstime.ru,7,0,,,content,ok,,artifacts\query--2f2c89eed1f8a9f8.json,8c0d3f2b55cebaf19c917682e7ecb6a0024fa47d,763726,33.3333,13346.0,696403.0,1689.0,910.0,0.5387803433984606,6.7282,123.0,13.7317,73.0,1.0,5.0,12.0,18.0,1.0,80.0,1.0,154.0,0.0,0.0,0.0,65.0,3.0,3.0,1.0,1.0,9.0,1.0,14.0,0.038484,1.0,110.0,31.0,81.0,12.0,4.0,12.0,3.0,23.137,65.127294,18.354056,47.957371,7.104796,0.019164,0.0,1.0,1.0,15.354545,0.246575,0.0,0.0,0.0,1.0,0.0,1.0,0.545455,0.937931,0.71719,0.0,0.0,200.0,1.0,0.0,0.0,1.0,1.0,1.0,0.0,0.0,0.0,1.0,1.0,1.0,0.0,0.0,1.0,0.0,0.0,1.0,0.9,1.0,1.0,0.98,1.0,1.0,1.0,1.0,1.0,0.0,1.0,0.0,0.0,0.0,1.0,1.0,0.0,1.0,1.0,1.0,1.0,1.0,1.0,1.0,1.0,6.0,7.0,0.666667,0.777778,0.814815
dataset-v7-final,v2,extraction-v2,hybrid-v1,weak_serp,22.2222,,ветеринарная клиника отзывы,veterinary_clinic,comparison,,,https://vseotzyvy.ru/category/228/veterinarnyie-kliniki,vseotzyvy.ru,8,0,,,category,ok,,artifacts\query--73aa00fb7691202f.json,58349c440690479b399f973a35135736d1fd20c4,135812,22.2222,7880.0,59152.0,1042.0,566.0,0.5431861804222649,6.261,48.0,21.7083,17.0,1.0,0.0,15.0,16.0,1.0,30.0,1.0,203.0,0.0,0.0,0.0,114.0,3.0,6.0,1.0,1.0,37.0,1.0,7.0,0.109405,1.0,349.0,20.0,242.0,36.0,2.0,4.0,2.0,61.2941,334.932821,19.193858,232.245681,34.548944,0.133216,0.0,1.0,1.0,2.985673,0.941176,0.0,0.0,0.0,1.0,0.0,1.0,0.545455,0.6,0.0,0.0,0.0,200.0,1.0,0.0,0.0,0.0,0.0,0.0,0.0,0.0,0.0,1.0,1.0,1.0,0.0,0.0,3.0,0.0,0.0,1.0,0.7,1.0,0.75,0.89,0.0,0.0,0.0,1.0,1.0,0.0,1.0,0.0,0.0,0.0,0.0,1.0,0.0,0.0,1.0,1.0,0.0,1.0,1.0,1.0,0.4,4.0,5.0,0.444444,0.555556,0.466667
dataset-v7-final,v2,extraction-v2,hybrid-v1,weak_serp,0.0,,ветеринарная клиника отзывы,veterinary_clinic,comparison,,,https://fauna-vet.ru/otzyvy/,fauna-vet.ru,10,0,,,content,ok,,artifacts\query--760f907dcca8276d.json,981c07f5912e6e2b5332290055bdba58d5c2e2af,148491,0.0,14986.0,92914.0,2121.0,1113.0,0.5247524752475248,5.8388,198.0,10.7121,31.0,1.0,0.0,1.0,2.0,1.0,50.0,0.0,0.0,0.0,0.0,0.0,46.0,3.0,0.0,1.0,0.0,1.0,0.333333,11.0,0.021688,1.0,62.0,4.0,60.0,0.0,1.0,1.0,1.0,68.4194,29.231495,1.885903,28.288543,0.0,0.161289,0.0,1.0,1.0,34.209677,0.064516,0.0,0.0,0.0,0.333333,0.0,0.833333,0.909091,0.0,0.722929,0.0,0.0,200.0,1.0,0.0,0.0,1.0,1.0,1.0,0.0,0.0,0.0,1.0,1.0,1.0,0.0,0.0,1.0,0.0,0.0,1.0,0.9,1.0,1.0,0.98,1.0,2.0,1.0,1.0,1.0,0.0,1.0,0.0,1.0,0.0,1.0,1.0,1.0,0.0,1.0,1.0,0.0,1.0,1.0,1.0,0.8,6.0,8.0,0.666667,0.888889,0.785185
dataset-v7-final,v2,extraction-v2,hybrid-v1,weak_serp,100.0,,как выбрать ветеринарная клиника,veterinary_clinic,informational,,,https://openpets.ru/blog/vybor-veterinarnoy-kliniki,openpets.ru,1,0,,,article,ok,,artifacts\query--b3dad3f8c15804a7.json,b05787bfc9d35ada5b86ac848074c3aa0a6c5594,165271,100.0,7058.0,131110.0,889.0,533.0,0.5995500562429696,6.7683,74.0,12.0135,18.0,2.0,8.0,11.0,21.0,1.0,81.0,1.0,259.0,0.0,0.0,0.0,57.0,4.0,3.0,1.0,0.5,19.0,1.0,31.0,0.064117,1.0,52.0,8.0,66.0,6.0,3.0,12.0,4.0,49.3889,58.492688,8.998875,74.24072,6.749156,0.053833,0.747775,1.0,1.0,17.096154,1.166667,0.747775,0.747775,0.747775,1.0,0.443181,1.0,0.527273,0.213793,0.0,0.221424,0.747775,200.0,1.0,0.0,0.0,1.0,1.0,0.0,0.0,0.0,0.0,1.0,1.0,1.0,0.0,0.0,2.0,0.0,0.0,1.0,0.8,1.0,1.0,0.96,1.0,1.0,1.0,1.0,0.0,1.0,1.0,1.0,1.0,1.0,1.0,1.0,1.0,0.0,1.0,2.0,1.0,1.0,1.0,1.0,0.8,7.0,8.0,0.777778,0.888889,0.822222
dataset-v7-final,v2,extraction-v2,hybrid-v1,weak_serp,88.8889,,как выбрать ветеринарная клиника,veterinary_clinic,informational,,,https://kovcheg.vet/poleznye-sovety/kak-pravilno-vybrat-veterinarnuyu-kliniku-kriterii-horoshego-vracha-i-czentra/,kovcheg.vet,2,0,,,content,ok,,artifacts\query--8b9ab5a5d71cb084.json,62155bddeb26fc37e99704cb3a8e2cf2db871c36,190672,88.8889,9419.0,124508.0,1252.0,554.0,0.4424920127795527,6.3187,92.0,13.6087,22.0,1.0,1.0,1.0,3.0,1.0,77.0,1.0,142.0,0.0,0.0,0.0,84.0,4.0,2.0,1.0,0.5,4.0,1.0,20.0,0.067093,1.0,135.0,14.0,107.0,16.0,0.0,0.0,0.0,56.9091,107.827476,11.182109,85.463259,12.779553,0.07565,0.685658,1.0,0.5,9.274074,0.136364,0.685658,0.685658,0.685658,1.0,0.572296,1.0,0.6,0.97931,0.0,0.21103,0.342829,200.0,1.0,0.0,0.0,1.0,1.0,1.0,0.0,0.0,0.0,1.0,1.0,1.0,0.0,0.0,2.0,0.0,0.0,1.0,0.8,1.0,1.0,0.96,1.0,3.0,0.0,1.0,1.0,0.0,1.0,0.0,0.0,0.0,1.0,1.0,0.0,0.0,0.0,0.0,1.0,1.0,1.0,1.0,0.8,4.0,6.0,0.444444,0.666667,0.637037
dataset-v7-final,v2,extraction-v2,hybrid-v1,weak_serp,77.7778,,как выбрать ветеринарная клиника,veterinary_clinic,informational,,,https://dzen.ru/a/XfZLxz1faQCx1scs,dzen.ru,3,0,,,content,ok,,artifacts\query--a00930a63eadad7a.json,7a2dde73688966a5a0f8b0d5a0d605d763b9a6c0,2641895,77.7778,19054.0,2524627.0,2709.0,1283.0,0.4736064968623108,5.8154,157.0,17.2548,49.0,1.0,2.0,13.0,16.0,1.0,79.0,1.0,160.0,0.0,0.0,0.0,103.0,4.0,4.0,1.0,1.0,12.0,1.0,21.0,0.038021,1.0,33.0,18.0,16.0,1.0,1.0,1.0,1.0,55.2857,12.181617,6.644518,5.906238,0.36914,0.007547,0.737864,1.0,1.0,82.090909,0.326531,0.737864,0.737864,0.737864,1.0,0.737864,1.0,0.563636,0.896552,0.73262,0.349457,0.737864,200.0,1.0,0.0,0.0,1.0,1.0,1.0,0.0,1.0,0.0,0.0,0.0,1.0,0.0,0.0,2.0,0.0,0.0,1.0,0.8,0.5,1.0,0.66,1.0,5.0,0.0,1.0,1.0,1.0,1.0,0.0,1.0,0.0,1.0,1.0,1.0,1.0,1.0,1.0,1.0,1.0,1.0,1.0,0.8,8.0,7.0,0.888889,0.777778,0.822222
dataset-v7-final,v2,extraction-v2,hybrid-v1,weak_serp,66.6667,,как выбрать ветеринарная клиника,veterinary_clinic,informational,,,https://mirzhivotnye.ru/kak-vybrat-veterinarnuyu-kliniku-sovety-dlya-zabotlivyx-xozyaev/,mirzhivotnye.ru,4,0,,,content,ok,,artifacts\query--3d6052a35ef17858.json,d515db3f0b98c528eb5d83a0dd36459c0ba60219,272281,66.6667,9678.0,214820.0,1310.0,723.0,0.5519083969465649,6.1931,125.0,10.48,25.0,3.0,6.0,14.0,23.0,1.0,62.0,0.0,0.0,0.0,0.0,0.0,89.0,4.0,0.0,1.0,0.0,16.0,1.0,30.0,0.067939,1.0,71.0,1.0,72.0,4.0,2.0,6.0,3.0,52.4,54.198473,0.763359,54.961832,3.053435,0.045052,0.813343,1.0,1.0,18.450704,0.92,0.813343,0.813343,0.813343,1.0,0.71032,1.0,0.872727,0.0,0.0,0.326693,0.813343,200.0,1.0,0.0,0.0,1.0,1.0,1.0,0.0,0.0,0.0,1.0,1.0,1.0,0.0,0.0,1.0,0.0,0.0,1.0,0.9,1.0,1.0,0.98,1.0,3.0,1.0,1.0,1.0,1.0,1.0,0.0,1.0,0.0,1.0,1.0,1.0,1.0,1.0,1.0,1.0,1.0,1.0,1.0,1.0,8.0,8.0,0.888889,0.888889,0.925926
dataset-v7-final,v2,extraction-v2,hybrid-v1,weak_serp,55.5556,,как выбрать ветеринарная клиника,veterinary_clinic,informational,,,https://vetvrach.info/knowledge/dogs/kak-vybrat-veterinarnuyu-kliniku-na-chto-obratit-vnimanie-vladelczu-pitomcza,vetvrach.info,5,0,,,content,ok,,artifacts\query--4af53748a6b67c26.json,05e5c9e7fad2f8fa7d5269e6d7595c3e8aa3e388,228677,55.5556,12129.0,152106.0,1440.0,813.0,0.5645833333333333,7.2674,79.0,18.2278,33.0,1.0,4.0,0.0,5.0,1.0,113.0,1.0,76.0,0.0,0.0,0.0,68.0,5.0,4.0,1.0,1.0,10.0,1.0,21.0,0.047222,1.0,159.0,9.0,161.0,8.0,0.0,0.0,0.0,43.6364,110.416667,6.25,111.805556,5.555556,0.07974,0.66785,1.0,0.5,9.056604,0.151515,0.66785,0.66785,0.66785,1.0,0.641136,1.0,0.0,0.524138,0.425926,0.301646,0.333925,200.0,1.0,0.0,0.0,1.0,1.0,1.0,0.0,0.0,0.0,1.0,1.0,1.0,0.0,0.0,3.0,0.0,0.0,1.0,0.7,1.0,1.0,0.94,0.0,0.0,1.0,0.0,1.0,1.0,1.0,0.0,1.0,0.0,1.0,1.0,0.0,0.0,1.0,1.0,1.0,1.0,1.0,1.0,0.6,5.0,6.0,0.555556,0.666667,0.607407
dataset-v7-final,v2,extraction-v2,hybrid-v1,weak_serp,44.4444,,как выбрать ветеринарная клиника,veterinary_clinic,informational,,,https://vet-puls.ru/archives/14253,vet-puls.ru,6,0,,,content,ok,,artifacts\query--b73e91f933378374.json,d8afae184a30b0bd780d555597fa3c10cb7109ad,301302,44.4444,19588.0,214912.0,2633.0,1265.0,0.4804405620964679,6.2522,168.0,15.6726,72.0,1.0,8.0,6.0,15.0,1.0,103.0,1.0,265.0,0.0,0.0,0.0,104.0,5.0,6.0,1.0,0.75,11.0,1.0,29.0,0.039499,1.0,134.0,47.0,129.0,1.0,7.0,55.0,7.857143,36.5694,50.892518,17.850361,48.993543,0.379795,0.091144,0.427438,1.0,1.0,19.649254,0.208333,0.427438,0.427438,0.427438,1.0,0.427438,1.0,0.127273,0.172414,0.683378,0.205359,0.427438,200.0,1.0,0.0,0.0,1.0,1.0,1.0,0.0,0.0,0.0,1.0,1.0,1.0,0.0,0.0,2.0,0.0,0.0,1.0,0.8,1.0,1.0,0.96,1.0,6.0,0.0,1.0,1.0,0.0,1.0,0.0,1.0,0.0,1.0,1.0,0.0,0.0,1.0,1.0,1.0,1.0,1.0,1.0,0.8,6.0,6.0,0.666667,0.666667,0.711111
dataset-v7-final,v2,extraction-v2,hybrid-v1,weak_serp,33.3333,,как выбрать ветеринарная клиника,veterinary_clinic,informational,,,https://stroikairemont.com/kak-vybrat-veterinarnuyu-kliniku-klyuchevye-kriterii-i-poleznye-sovety/,stroikairemont.com,7,0,,,content,ok,,artifacts\query--47311cb0212a505c.json,c43994ea43ccf42ecea0e7036b22aecc30ce994b,110724,33.3333,7377.0,65326.0,1009.0,488.0,0.4836471754212091,6.1199,71.0,14.2113,1.0,1.0,5.0,7.0,13.0,1.0,103.0,1.0,232.0,0.0,0.0,0.0,68.0,4.0,3.0,1.0,0.5,9.0,1.0,24.0,0.067393,1.0,53.0,10.0,37.0,0.0,1.0,1.0,1.0,1009.0,52.527255,9.910803,36.66997,0.0,0.112926,0.789678,1.0,1.0,19.037736,13.0,0.789678,0.789678,0.789678,1.0,0.53119,1.0,0.127273,0.4,0.0,0.21409,0.789678,200.0,1.0,0.0,0.0,1.0,1.0,1.0,0.0,0.0,0.0,1.0,1.0,1.0,0.0,0.0,1.0,0.0,0.0,1.0,0.9,1.0,1.0,0.98,0.0,0.0,0.0,1.0,1.0,0.0,1.0,0.0,0.0,0.0,1.0,1.0,0.0,0.0,1.0,1.0,0.0,1.0,1.0,1.0,0.4,4.0,6.0,0.444444,0.666667,0.503704
dataset-v7-final,v2,extraction-v2,hybrid-v1,weak_serp,22.2222,,как выбрать ветеринарная клиника,veterinary_clinic,informational,,,https://vetkliniki.su/kak-vybrat-kliniku/,vetkliniki.su,8,0,,,content,ok,,artifacts\query--702edea83b42503d.json,b9f12444a5ebd7c8de13a9f9c1e490a00e63a8af,102100,22.2222,6117.0,62381.0,775.0,439.0,0.5664516129032258,6.6929,46.0,16.8478,23.0,1.0,8.0,6.0,15.0,1.0,75.0,1.0,181.0,0.0,0.0,0.0,67.0,4.0,2.0,1.0,0.5,12.0,1.0,26.0,0.086452,1.0,51.0,4.0,42.0,7.0,0.0,12.0,0.0,33.6957,65.806452,5.16129,54.193548,9.032258,0.098059,0.780813,1.0,0.75,15.196078,0.652174,0.780813,0.780813,0.780813,1.0,0.40342,1.0,0.636364,0.751724,0.0,0.190432,0.58561,200.0,1.0,0.0,0.0,1.0,1.0,0.0,0.0,0.0,0.0,1.0,1.0,1.0,0.0,0.0,1.0,0.0,0.0,1.0,0.9,1.0,1.0,0.98,0.0,0.0,0.0,1.0,1.0,0.0,1.0,0.0,1.0,1.0,1.0,1.0,0.0,1.0,0.0,0.0,0.0,1.0,0.0,0.0,0.4,5.0,5.0,0.555556,0.555556,0.503704
dataset-v7-final,v2,extraction-v2,hybrid-v1,weak_serp,11.1111,,как выбрать ветеринарная клиника,veterinary_clinic,informational,,,https://vetandlife.ru/pets/zdorovie/kak-vybrat-veterinarnuju-kliniku-i-ne-oshibitsya-s-vrachom/,vetandlife.ru,9,0,,,content,ok,,artifacts\query--431b3ef7a7e91a6b.json,3d5444949f1dc54506e9da6698ace51f99aaa496,165009,11.1111,6996.0,114591.0,942.0,530.0,0.5626326963906582,6.2251,36.0,26.1667,22.0,1.0,0.0,3.0,4.0,1.0,78.0,0.0,0.0,0.0,0.0,0.0,31.0,4.0,0.0,1.0,0.0,4.0,1.0,17.0,0.032909,1.0,141.0,28.0,71.0,10.0,5.0,17.0,3.4,42.8182,149.681529,29.723992,75.37155,10.615711,0.061052,0.761391,1.0,1.0,6.680851,0.181818,0.761391,0.761391,0.761391,1.0,0.478154,1.0,0.581818,0.0,0.903043,0.224187,0.761391,200.0,1.0,0.0,0.0,1.0,1.0,1.0,0.0,0.0,0.0,1.0,1.0,1.0,0.0,0.0,3.0,0.0,0.0,1.0,0.7,1.0,1.0,0.94,1.0,1.0,1.0,1.0,1.0,0.0,1.0,0.0,0.0,0.0,1.0,0.0,1.0,0.0,1.0,1.0,1.0,1.0,1.0,1.0,1.0,5.0,7.0,0.555556,0.777778,0.777778
dataset-v7-final,v2,extraction-v2,hybrid-v1,weak_serp,0.0,,как выбрать ветеринарная клиника,veterinary_clinic,informational,,,https://dog-ville.ru/article/kak-vybrat-veterinarnuiu-kliniku,dog-ville.ru,10,0,,,article,ok,,artifacts\query--9d8c5897ba114da2.json,dbbf681ee2e15a81146d72bbed9d8b47592aa093,119850,0.0,7787.0,81584.0,1056.0,510.0,0.48295454545454547,6.1742,82.0,12.878,16.0,1.0,0.0,0.0,1.0,1.0,26.0,1.0,215.0,0.0,0.0,0.0,61.0,2.0,11.0,0.5,1.0,4.0,1.0,2.0,0.057765,1.0,98.0,7.0,68.0,5.0,7.0,31.0,4.428571,66.0,92.80303,6.628788,64.393939,4.734848,0.095448,0.67608,0.5,1.0,10.77551,0.0625,0.67608,0.33804,0.67608,0.5,0.47596,0.7,0.472727,0.517241,0.074495,0.191556,0.67608,200.0,1.0,0.0,0.0,0.0,0.0,0.0,0.0,0.0,0.0,1.0,1.0,1.0,0.0,0.0,2.0,0.0,0.0,1.0,0.8,1.0,0.75,0.91,1.0,2.0,0.0,0.0,0.0,0.0,1.0,1.0,0.0,0.0,1.0,1.0,0.0,0.0,1.0,7.0,1.0,1.0,0.0,0.0,0.4,4.0,2.0,0.444444,0.222222,0.355556
dataset-v7-final,v2,extraction-v2,hybrid-v1,weak_serp,100.0,,ветеринарная клиника с гарантией,veterinary_clinic,commercial,,,https://vetsy.ru/,vetsy.ru,1,0,,,homepage,ok,,artifacts\query--88d186ca0ca46e33.json,77c996af259f77b430c6f03750a57e5dfae43db0,274754,100.0,8074.0,222919.0,1101.0,619.0,0.5622161671207992,6.188,84.0,13.1071,32.0,1.0,9.0,16.0,26.0,1.0,91.0,1.0,216.0,0.0,0.0,0.0,52.0,0.0,1.0,0.0,0.25,15.0,0.75,20.0,0.04723,0.75,80.0,22.0,20.0,12.0,0.0,0.0,0.0,34.4062,72.661217,19.981835,18.165304,10.899183,0.036219,0.702925,1.0,0.5,13.7625,0.8125,0.527194,0.0,0.527194,0.0,0.515947,0.55,0.345455,0.510345,0.319255,0.241728,0.351463,200.0,1.0,0.0,0.0,1.0,1.0,0.0,0.0,0.0,0.0,1.0,1.0,1.0,0.0,0.0,0.0,0.0,0.0,1.0,1.0,1.0,1.0,1.0,1.0,2.0,1.0,1.0,1.0,1.0,1.0,0.0,1.0,0.0,1.0,1.0,0.0,1.0,1.0,6.0,1.0,1.0,1.0,1.0,1.0,8.0,7.0,0.888889,0.777778,0.888889
dataset-v7-final,v2,extraction-v2,hybrid-v1,weak_serp,55.5556,,ветеринарная клиника с гарантией,veterinary_clinic,commercial,,,https://sotnikov-clinic.ru/,sotnikov-clinic.ru,5,0,,,homepage,ok,,artifacts\query--7c6a270bfc6be741.json,adbd6915e81a57c376c9c4b192a6a79674cbbd5d,236890,55.5556,18513.0,166385.0,2739.0,1694.0,0.6184738955823293,5.5152,140.0,19.5643,60.0,0.0,7.0,1.0,8.0,1.0,48.0,0.0,0.0,0.0,0.0,0.0,69.0,2.0,0.0,0.5,0.0,4.0,0.5,13.0,0.025192,0.75,63.0,24.0,265.0,37.0,2.0,24.0,12.0,45.65,23.001095,8.762322,96.750639,13.50858,0.111266,0.243216,1.0,1.0,43.47619,0.133333,0.182412,0.121608,0.121608,0.25,0.243216,0.6625,0.872727,0.0,0.629792,0.150423,0.243216,200.0,1.0,0.0,0.0,1.0,1.0,1.0,0.0,0.0,0.0,1.0,1.0,1.0,0.0,0.0,0.0,0.0,0.0,1.0,1.0,1.0,1.0,1.0,1.0,2.0,1.0,1.0,1.0,0.0,1.0,0.0,0.0,0.0,1.0,1.0,0.0,0.0,1.0,2.0,1.0,1.0,1.0,1.0,1.0,5.0,7.0,0.555556,0.777778,0.777778
dataset-v7-final,v2,extraction-v2,hybrid-v1,weak_serp,11.1111,,ветеринарная клиника с гарантией,veterinary_clinic,commercial,,,https://yandex.ru/maps/org/evidensia_djurkliniken_kersberga/62996124595/,yandex.ru,9,0,,,content,ok,,artifacts\query--e9e100d7d9c9f405.json,9971aebd760d2ccd2b26ad678a04fc7e7a61cfed,782190,11.1111,1800.0,745126.0,232.0,135.0,0.5818965517241379,6.6164,2.0,116.0,1.0,1.0,4.0,3.0,8.0,1.0,104.0,1.0,155.0,0.0,0.0,0.0,23.0,2.0,2.0,0.5,0.5,0.0,0.0,21.0,0.099138,0.5,47.0,26.0,0.0,0.0,0.0,0.0,0.0,232.0,202.586207,112.068966,0.0,0.0,0.002416,0.424987,1.0,0.25,4.93617,8.0,0.212494,0.212494,0.0,0.0,0.065731,0.5,0.109091,0.931034,0.0,0.031874,0.106247,200.0,1.0,0.0,0.0,1.0,1.0,0.0,0.0,0.0,0.0,1.0,1.0,1.0,4.0,1.0,4.0,2.0,1.0,1.0,0.4,1.0,1.0,0.88,1.0,11.0,0.0,1.0,1.0,1.0,1.0,0.0,1.0,0.0,1.0,1.0,1.0,1.0,0.0,0.0,1.0,1.0,1.0,1.0,0.8,7.0,7.0,0.777778,0.777778,0.785185
dataset-v7-final,v2,extraction-v2,hybrid-v1,weak_serp,100.0,,ветеринарная клиника для бизнеса,veterinary_clinic,commercial,,,https://hf.ru/c/business_veterinarnaya-klinika,hf.ru,1,0,,,content,ok,,artifacts\query--6c2e5b7053d60427.json,9f3f79e7a57ded8e4f7b11eab52c36194f288629,1784506,100.0,55972.0,1289979.0,7623.0,2809.0,0.36849009576282304,6.0594,329.0,23.1702,199.0,1.0,12.0,0.0,13.0,1.0,70.0,0.0,0.0,0.0,0.0,0.0,269.0,2.0,0.0,0.5,0.0,4.0,0.75,3.0,0.035288,1.0,974.0,61.0,1654.0,74.0,13.0,81.0,6.230769,38.3065,127.771219,8.002099,216.974944,9.707464,0.04339,0.73208,0.75,1.0,7.826489,0.065327,0.73208,0.36604,0.54906,0.375,0.73208,0.7,0.727273,0.0,0.823735,0.269764,0.73208,200.0,1.0,0.0,0.0,1.0,1.0,0.0,0.0,0.0,0.0,1.0,1.0,1.0,0.0,0.0,2.0,0.0,0.0,1.0,0.8,1.0,1.0,0.96,1.0,4.0,0.0,1.0,1.0,1.0,1.0,0.0,1.0,1.0,1.0,1.0,1.0,1.0,1.0,9.0,1.0,1.0,1.0,1.0,0.8,8.0,8.0,0.888889,0.888889,0.859259
dataset-v7-final,v2,extraction-v2,hybrid-v1,weak_serp,88.8889,,ветеринарная клиника для бизнеса,veterinary_clinic,commercial,,,https://www.business.ru/article/2696-biznes-plan-veterinarnoy-kliniki,business.ru,2,0,,,article,ok,,artifacts\query--ab20b6b2c1d8a59b.json,e77e69e763b4303bc8664af904067c10aa69a880,1222781,88.8889,16453.0,1099478.0,2245.0,1200.0,0.534521158129176,6.1287,136.0,16.5074,242.0,1.0,9.0,2.0,12.0,1.0,32.0,1.0,53.0,0.0,0.0,0.0,127.0,2.0,2.0,0.5,0.5,15.0,1.0,13.0,0.05657,1.0,110.0,55.0,59.0,3.0,1.0,3.0,3.0,9.2769,48.997773,24.498886,26.280624,1.336303,0.014964,0.705383,1.0,1.0,20.409091,0.049587,0.705383,0.352691,0.705383,0.5,0.705383,0.825,0.581818,0.365517,0.114328,0.377042,0.705383,200.0,1.0,0.0,0.0,1.0,1.0,1.0,0.0,0.0,0.0,1.0,1.0,1.0,0.0,0.0,2.0,0.0,0.0,1.0,0.8,1.0,1.0,0.96,1.0,12.0,0.0,1.0,1.0,1.0,1.0,1.0,1.0,0.0,1.0,1.0,1.0,1.0,1.0,2.0,1.0,1.0,1.0,1.0,0.8,9.0,7.0,1.0,0.777778,0.859259
dataset-v7-final,v2,extraction-v2,hybrid-v1,weak_serp,77.7778,,ветеринарная клиника для бизнеса,veterinary_clinic,commercial,,,https://secrets.tbank.ru/biznes-s-nulya/kak-otkryt-veterinarnuyu-kliniku/,secrets.tbank.ru,3,0,,,content,ok,,artifacts\query--4915f1253a07e58d.json,e65bdb020cb733d23aabf5c09e83dbfc889e3796,3295,77.7778,73.0,1454.0,12.0,12.0,1.0,4.9167,4.0,3.0,2.0,0.0,0.0,0.0,0.0,0.0,0.0,0.0,0.0,0.0,0.0,0.0,0.0,0.0,0.0,0.0,0.0,0.0,0.0,0.0,0.0,0.0,0.0,1.0,0.0,0.0,0.0,2.0,0.0,6.0,0.0,83.333333,0.0,0.0,0.050206,0.055009,0.0,0.5,12.0,0.0,0.0,0.0,0.0,0.0,0.00044,0.0,0.0,0.0,0.0,0.000367,0.027505,401.0,0.0,0.0,0.0,0.0,0.0,0.0,0.0,0.0,0.0,0.0,0.0,0.0,0.0,0.0,2.0,0.0,0.0,1.0,0.8,0.0,0.75,0.51,0.0,0.0,0.0,1.0,0.0,0.0,0.0,0.0,0.0,0.0,0.0,0.0,0.0,0.0,0.0,0.0,0.0,0.0,1.0,1.0,0.2,1.0,3.0,0.111111,0.333333,0.214815
dataset-v7-final,v2,extraction-v2,hybrid-v1,weak_serp,66.6667,,ветеринарная клиника для бизнеса,veterinary_clinic,commercial,,,https://vetmanager.ru/kak-otkryt-veterinarnuyu-kliniku/,vetmanager.ru,4,0,,,content,ok,,artifacts\query--bd2dd6c5427c4641.json,14374aa8340cb9cad77b4af7726d28acd0865362,233296,66.6667,12773.0,178242.0,1736.0,910.0,0.5241935483870968,6.1665,108.0,16.0741,1.0,1.0,1.0,9.0,11.0,1.0,96.0,1.0,158.0,0.0,0.0,0.0,92.0,3.0,3.0,0.5,0.75,14.0,0.75,18.0,0.052995,1.0,92.0,18.0,92.0,10.0,0.0,0.0,0.0,1736.0,52.995392,10.368664,52.995392,5.760369,0.071661,0.788897,1.0,0.5,18.869565,11.0,0.788897,0.394448,0.591673,0.375,0.788897,0.7625,0.254545,0.910345,0.233487,0.398831,0.394448,200.0,1.0,0.0,0.0,1.0,1.0,1.0,0.0,0.0,0.0,1.0,1.0,1.0,0.0,0.0,1.0,0.0,0.0,1.0,0.9,1.0,1.0,0.98,1.0,5.0,1.0,0.0,0.0,1.0,1.0,0.0,1.0,0.0,1.0,1.0,0.0,1.0,1.0,1.0,1.0,1.0,1.0,1.0,0.6,6.0,5.0,0.666667,0.555556,0.607407
dataset-v7-final,v2,extraction-v2,hybrid-v1,weak_serp,33.3333,,ветеринарная клиника для бизнеса,veterinary_clinic,commercial,,,https://mail.finideas.ru/готовые-бизнес-планы-с-расчетами/veterinary-clinic/,mail.finideas.ru,7,0,,,content,ok,,artifacts\query--a0f7dd127008a0e8.json,3b413b9f910208eee66ac8675b10ace8bf55fa3d,151123,33.3333,2948.0,121578.0,356.0,226.0,0.6348314606741573,7.014,13.0,27.3846,14.0,2.0,2.0,0.0,4.0,1.0,57.0,1.0,154.0,0.0,0.0,0.0,17.0,2.0,0.0,0.5,0.0,2.0,0.5,12.0,0.047753,1.0,32.0,15.0,36.0,7.0,0.0,0.0,0.0,25.4286,89.88764,42.134831,101.123596,19.662921,0.024248,0.817667,1.0,0.5,11.125,0.285714,0.817667,0.408834,0.408834,0.25,0.19406,0.7,0.963636,0.937931,0.40824,0.102663,0.408834,200.0,1.0,0.0,0.0,1.0,0.0,1.0,0.0,0.0,0.0,1.0,1.0,1.0,0.0,0.0,2.0,0.0,0.0,1.0,0.8,1.0,0.0,0.76,1.0,1.0,0.0,0.0,1.0,1.0,1.0,0.0,0.0,0.0,1.0,0.0,0.0,0.0,1.0,1.0,1.0,1.0,1.0,1.0,0.6,5.0,4.0,0.555556,0.444444,0.533333
dataset-v7-final,v2,extraction-v2,hybrid-v1,weak_serp,22.2222,,ветеринарная клиника для бизнеса,veterinary_clinic,commercial,,,https://www.yclients.com/journal/chto-nuzhno-uchest-pri-otkrytii-veterinarnoj-kliniki-razbor,yclients.com,8,0,,,content,ok,,artifacts\query--d152cbb1ba00e7cd.json,029f81b1e2bf4314ac0e8b2540b04dc33768a93d,317484,22.2222,16004.0,226694.0,2072.0,1127.0,0.543918918918919,6.5386,154.0,13.4545,39.0,1.0,12.0,0.0,13.0,1.0,93.0,1.0,202.0,0.0,0.0,0.0,100.0,2.0,2.0,0.5,0.5,8.0,1.0,15.0,0.048263,1.0,141.0,24.0,119.0,48.0,0.0,0.0,0.0,53.1282,68.050193,11.583012,57.432432,23.166023,0.070597,0.770223,1.0,0.5,14.695035,0.333333,0.770223,0.385111,0.770223,0.5,0.770223,0.825,0.309091,0.606897,0.391248,0.418939,0.385111,200.0,1.0,0.0,0.0,1.0,1.0,1.0,0.0,0.0,0.0,1.0,1.0,1.0,0.0,0.0,2.0,0.0,0.0,1.0,0.8,1.0,1.0,0.96,1.0,3.0,1.0,1.0,1.0,0.0,1.0,0.0,1.0,0.0,1.0,1.0,0.0,1.0,0.0,0.0,1.0,1.0,1.0,1.0,1.0,6.0,7.0,0.666667,0.777778,0.814815
dataset-v7-final,v2,extraction-v2,hybrid-v1,weak_serp,11.1111,,ветеринарная клиника для бизнеса,veterinary_clinic,commercial,,,https://www.sberbank.ru/ru/s_m_business/registraciya/otkryt-ip-dlya-veterinarnoj-kliniki,sberbank.ru,9,0,,,content,ok,,artifacts\query--5e62114afb611f3c.json,381e36a287eee2cf1960082e62827900d31e456e,1805859,11.1111,15409.0,1687742.0,2126.0,933.0,0.43885230479774223,6.055,127.0,16.7402,62.0,1.0,14.0,35.0,50.0,1.0,49.0,1.0,242.0,0.0,0.0,0.0,51.0,3.0,4.0,0.75,0.75,4.0,0.5,10.0,0.023989,1.0,86.0,26.0,41.0,5.0,2.0,10.0,5.0,34.2903,40.451552,12.229539,19.285042,2.351834,0.00913,0.751115,1.0,1.0,24.72093,0.806452,0.751115,0.563336,0.375557,0.375,0.751115,0.7875,0.890909,0.331034,0.799624,0.329629,0.751115,200.0,1.0,0.0,0.0,1.0,1.0,0.0,0.0,0.0,0.0,1.0,1.0,1.0,0.0,0.0,4.0,0.0,0.0,1.0,0.6,1.0,1.0,0.92,1.0,12.0,0.0,1.0,1.0,1.0,1.0,0.0,1.0,1.0,1.0,0.0,1.0,1.0,1.0,11.0,1.0,1.0,1.0,1.0,0.8,8.0,7.0,0.888889,0.777778,0.822222
dataset-v7-final,v2,extraction-v2,hybrid-v1,weak_serp,0.0,,ветеринарная клиника для бизнеса,veterinary_clinic,commercial,,,https://doctor-puh.ru/franshiza,doctor-puh.ru,10,0,,,content,ok,,artifacts\query--09ec5d304a9bce2f.json,e06b62725132dc0dc00ae6acd026bf825a6b66b9,381017,0.0,11591.0,325669.0,1600.0,847.0,0.529375,6.0444,73.0,21.9178,21.0,1.0,9.0,0.0,10.0,1.0,86.0,1.0,164.0,0.0,0.0,0.0,65.0,2.0,2.0,0.5,0.5,6.0,1.0,5.0,0.040625,1.0,86.0,45.0,185.0,13.0,4.0,34.0,8.5,76.1905,53.75,28.125,115.625,8.125,0.035591,0.615138,1.0,1.0,18.604651,0.47619,0.615138,0.307569,0.615138,0.5,0.615138,0.825,0.436364,0.868966,0.645833,0.289457,0.615138,200.0,1.0,0.0,0.0,1.0,1.0,0.0,0.0,0.0,0.0,1.0,1.0,1.0,0.0,0.0,1.0,0.0,0.0,1.0,0.9,1.0,1.0,0.98,1.0,7.0,1.0,1.0,1.0,1.0,1.0,0.0,0.0,0.0,1.0,1.0,0.0,0.0,1.0,6.0,1.0,1.0,1.0,1.0,1.0,6.0,7.0,0.666667,0.777778,0.814815
dataset-v7-final,v2,extraction-v2,hybrid-v1,weak_serp,100.0,,ветеринарная клиника под ключ,veterinary_clinic,commercial,,,https://vetliga.ru/otkrytie-veterinarnyh-klinik/,vetliga.ru,1,0,,,content,ok,,artifacts\query--0a3f0f38991df279.json,6d1eda827fc0c838ff61c57f07fc76c993d5c1b3,198545,100.0,7064.0,143948.0,899.0,481.0,0.5350389321468298,6.7186,30.0,29.9667,45.0,1.0,0.0,0.0,1.0,1.0,47.0,1.0,117.0,0.0,0.0,0.0,29.0,4.0,4.0,1.0,1.0,4.0,1.0,10.0,0.032258,1.0,142.0,60.0,76.0,0.0,4.0,45.0,11.25,19.9778,157.953281,66.740823,84.538376,0.0,0.049073,0.780142,1.0,1.0,6.330986,0.022222,0.780142,0.780142,0.780142,1.0,0.467565,1.0,0.854545,0.806897,0.924731,0.208471,0.780142,200.0,1.0,0.0,0.0,1.0,1.0,0.0,0.0,0.0,0.0,1.0,1.0,1.0,0.0,0.0,1.0,0.0,0.0,1.0,0.9,1.0,1.0,0.98,1.0,5.0,1.0,0.0,1.0,1.0,1.0,1.0,1.0,1.0,1.0,1.0,1.0,1.0,1.0,5.0,1.0,1.0,1.0,1.0,0.8,8.0,8.0,0.888889,0.888889,0.859259
dataset-v7-final,v2,extraction-v2,hybrid-v1,weak_serp,88.8889,,ветеринарная клиника под ключ,veterinary_clinic,commercial,,,https://vetmanager.ru/kak-otkryt-veterinarnuyu-kliniku/,vetmanager.ru,2,0,,,content,ok,,artifacts\query--56e91bec8ad4ad03.json,f0829dc73ddb20cc0ce579ebce423c08e69bb657,233284,88.8889,12773.0,178230.0,1736.0,910.0,0.5241935483870968,6.1665,108.0,16.0741,1.0,1.0,1.0,9.0,11.0,1.0,96.0,1.0,158.0,0.0,0.0,0.0,67.0,3.0,2.0,0.5,0.5,13.0,0.5,11.0,0.038594,0.75,92.0,18.0,92.0,10.0,0.0,0.0,0.0,1736.0,52.995392,10.368664,52.995392,5.760369,0.071666,0.741532,1.0,0.5,18.869565,11.0,0.556149,0.370766,0.370766,0.25,0.741532,0.6625,0.254545,0.910345,0.535138,0.374886,0.370766,200.0,1.0,0.0,0.0,1.0,1.0,1.0,0.0,0.0,0.0,1.0,1.0,1.0,0.0,0.0,1.0,0.0,0.0,1.0,0.9,1.0,1.0,0.98,1.0,5.0,1.0,0.0,0.0,1.0,1.0,0.0,1.0,0.0,1.0,1.0,0.0,1.0,1.0,1.0,1.0,1.0,1.0,1.0,0.6,6.0,5.0,0.666667,0.555556,0.607407
dataset-v7-final,v2,extraction-v2,hybrid-v1,weak_serp,77.7778,,ветеринарная клиника под ключ,veterinary_clinic,commercial,,,https://www.yclients.com/journal/chto-nuzhno-uchest-pri-otkrytii-veterinarnoj-kliniki-razbor,yclients.com,3,0,,,content,ok,,artifacts\query--42bfdb44d0b5f1dd.json,e2d4eaf2cb5c1707c6f9f1fc92c7a3be5fc4b6c2,317482,77.7778,16004.0,226694.0,2072.0,1127.0,0.543918918918919,6.5386,154.0,13.4545,39.0,1.0,12.0,0.0,13.0,1.0,93.0,1.0,202.0,0.0,0.0,0.0,65.0,2.0,2.0,0.5,0.5,6.0,0.5,10.0,0.031371,0.75,141.0,24.0,119.0,48.0,0.0,0.0,0.0,53.1282,68.050193,11.583012,57.432432,23.166023,0.070597,0.682263,1.0,0.5,14.695035,0.333333,0.511697,0.341131,0.341131,0.25,0.682263,0.6625,0.309091,0.606897,0.715734,0.371096,0.341131,200.0,1.0,0.0,0.0,1.0,1.0,1.0,0.0,0.0,0.0,1.0,1.0,1.0,0.0,0.0,2.0,0.0,0.0,1.0,0.8,1.0,1.0,0.96,1.0,3.0,1.0,1.0,1.0,0.0,1.0,0.0,1.0,0.0,1.0,1.0,0.0,1.0,0.0,0.0,1.0,1.0,1.0,1.0,1.0,6.0,7.0,0.666667,0.777778,0.814815
dataset-v7-final,v2,extraction-v2,hybrid-v1,weak_serp,55.5556,,ветеринарная клиника под ключ,veterinary_clinic,commercial,,,https://vetkit.ru/actions/,vetkit.ru,5,0,,,content,ok,,artifacts\query--2bf29b2a42a8eff5.json,7c86993b0286984ba1fb9fcfb1c6b7a72a319d73,284587,55.5556,3598.0,253130.0,467.0,234.0,0.5010706638115632,6.5096,18.0,25.9444,6.0,1.0,0.0,0.0,1.0,1.0,34.0,0.0,0.0,0.0,0.0,0.0,19.0,2.0,0.0,0.5,0.0,0.0,0.0,10.0,0.040685,1.0,136.0,22.0,2.0,3.0,2.0,6.0,3.0,77.8333,291.220557,47.109208,4.282655,6.423983,0.014214,0.178192,1.0,1.0,3.433824,0.166667,0.178192,0.089096,0.0,0.0,0.055477,0.575,0.618182,0.0,0.643826,0.023165,0.178192,200.0,1.0,0.0,0.0,0.0,0.0,0.0,0.0,0.0,0.0,1.0,1.0,1.0,0.0,0.0,1.0,0.0,0.0,1.0,0.9,1.0,0.75,0.93,1.0,4.0,1.0,1.0,1.0,0.0,1.0,0.0,0.0,0.0,1.0,1.0,1.0,0.0,1.0,1.0,1.0,1.0,1.0,1.0,1.0,5.0,8.0,0.555556,0.888889,0.814815
dataset-v7-final,v2,extraction-v2,hybrid-v1,weak_serp,44.4444,,ветеринарная клиника под ключ,veterinary_clinic,commercial,,,https://proflicensing.ru/services/vet/,proflicensing.ru,6,0,,,category,ok,,artifacts\query--241f8fbfdc196cde.json,601d9af50e2c7e4511dc4abe21adb5af11ca397d,287293,44.4444,6988.0,241405.0,852.0,510.0,0.5985915492957746,7.0352,73.0,11.6712,53.0,1.0,4.0,14.0,19.0,1.0,47.0,1.0,265.0,0.0,0.0,0.0,25.0,3.0,2.0,0.75,0.25,4.0,0.25,12.0,0.029343,1.0,44.0,17.0,41.0,1.0,3.0,19.0,6.333333,16.0755,51.643192,19.953052,48.122066,1.173709,0.028947,0.696906,1.0,1.0,19.363636,0.358491,0.696906,0.522679,0.174227,0.1875,0.395843,0.725,0.854545,0.172414,0.978091,0.197457,0.696906,200.0,1.0,0.0,0.0,1.0,1.0,1.0,0.0,0.0,0.0,1.0,1.0,1.0,0.0,0.0,2.0,0.0,0.0,1.0,0.8,1.0,1.0,0.96,1.0,5.0,1.0,1.0,1.0,1.0,1.0,0.0,1.0,1.0,1.0,1.0,0.0,0.0,1.0,1.0,1.0,1.0,1.0,1.0,1.0,7.0,8.0,0.777778,0.888889,0.888889
dataset-v7-final,v2,extraction-v2,hybrid-v1,weak_serp,33.3333,,ветеринарная клиника под ключ,veterinary_clinic,commercial,,,https://olimpekspert.ru/proektirovanie-veterinarnyh-klinik,olimpekspert.ru,7,0,,,content,ok,,artifacts\query--47922a929dfa7db1.json,69597bc1b63888f614721868c4e13ad58e8c0440,341488,33.3333,23549.0,134420.0,2693.0,1501.0,0.5573709617526922,7.6469,74.0,36.3919,16.0,1.0,5.0,1.0,7.0,1.0,52.0,1.0,152.0,0.0,0.0,0.0,51.0,4.0,2.0,1.0,0.5,5.0,0.5,4.0,0.018938,1.0,1023.0,16.0,975.0,18.0,5.0,52.0,10.4,168.3125,379.873747,5.941329,362.049759,6.683996,0.17519,0.723359,1.0,1.0,2.632454,0.4375,0.723359,0.723359,0.361679,0.5,0.723359,0.875,0.945455,0.951724,0.631266,0.403179,0.723359,200.0,1.0,0.0,0.0,1.0,1.0,0.0,0.0,0.0,0.0,1.0,1.0,0.0,0.0,0.0,1.0,0.0,0.0,1.0,0.9,0.5,1.0,0.88,1.0,7.0,1.0,1.0,1.0,0.0,1.0,0.0,0.0,1.0,1.0,1.0,0.0,0.0,1.0,7.0,1.0,1.0,1.0,1.0,1.0,5.0,8.0,0.555556,0.888889,0.814815
dataset-v7-final,v2,extraction-v2,hybrid-v1,weak_serp,22.2222,,ветеринарная клиника под ключ,veterinary_clinic,commercial,,,https://adlervet.ru/,adlervet.ru,8,0,,,homepage,ok,,artifacts\query--796c5106c3969610.json,0563c7f25097708e5f6102eeaeea80fb4e73583b,187665,22.2222,3109.0,170392.0,414.0,227.0,0.5483091787439613,6.3599,32.0,12.9375,1.0,0.0,0.0,0.0,0.0,1.0,20.0,1.0,99.0,0.0,0.0,0.0,28.0,2.0,3.0,0.5,0.5,0.0,0.0,19.0,0.067633,1.0,26.0,7.0,13.0,3.0,0.0,1.0,0.0,414.0,62.801932,16.908213,31.400966,7.246377,0.018246,0.766166,1.0,0.75,15.923077,0.0,0.766166,0.383083,0.0,0.0,0.211462,0.575,0.363636,0.682759,0.0,0.096622,0.574624,200.0,1.0,0.0,0.0,1.0,0.0,0.0,0.0,0.0,0.0,1.0,1.0,0.0,0.0,0.0,0.0,0.0,0.0,1.0,1.0,0.5,0.0,0.7,1.0,3.0,1.0,1.0,0.0,0.0,1.0,0.0,0.0,0.0,1.0,1.0,0.0,0.0,1.0,1.0,1.0,1.0,1.0,1.0,0.8,4.0,6.0,0.444444,0.666667,0.637037
dataset-v7-final,v2,extraction-v2,hybrid-v1,weak_serp,11.1111,,ветеринарная клиника под ключ,veterinary_clinic,commercial,,,https://open-startup.ru/cases/veterinarnaya-klinika/,open-startup.ru,9,0,,,content,ok,,artifacts\query--7fdb2692bf53b54b.json,6d8a01016636ec7ce30bd1fd020c9d6c1f40afa5,74560,11.1111,4525.0,48736.0,638.0,292.0,0.45768025078369906,5.9639,49.0,13.0204,21.0,1.0,3.0,20.0,24.0,1.0,29.0,0.0,0.0,1.0,1.0,1.0,22.0,4.0,0.0,1.0,0.0,6.0,1.0,18.0,0.034483,1.0,45.0,18.0,27.0,0.0,5.0,20.0,4.0,30.381,70.532915,28.213166,42.319749,0.0,0.092847,0.682067,1.0,1.0,14.177778,1.142857,0.682067,0.682067,0.682067,1.0,0.290106,1.0,0.527273,0.0,0.850575,0.110646,0.682067,200.0,1.0,0.0,0.0,0.0,0.0,1.0,0.0,0.0,0.0,1.0,1.0,1.0,0.0,0.0,2.0,0.0,0.0,1.0,0.8,1.0,0.75,0.91,1.0,2.0,1.0,1.0,0.0,0.0,1.0,0.0,0.0,0.0,1.0,0.0,0.0,0.0,1.0,2.0,1.0,1.0,1.0,1.0,0.8,4.0,5.0,0.444444,0.555556,0.6
dataset-v7-final,v2,extraction-v2,hybrid-v1,weak_serp,0.0,,ветеринарная клиника под ключ,veterinary_clinic,commercial,,,https://vk.com/vet_klinika_pod_klyuch,vk.com,10,0,,,content,ok,,artifacts\query--f27ff57cd99cb50d.json,505c2a41513584a152b2d76d86ab63ccdaaaf1fc,637240,0.0,4061.0,570232.0,515.0,295.0,0.5728155339805825,6.6971,33.0,15.6061,1.0,0.0,1.0,0.0,1.0,1.0,31.0,0.0,0.0,0.0,0.0,0.0,25.0,4.0,0.0,1.0,0.0,0.0,0.0,16.0,0.048544,1.0,65.0,43.0,14.0,1.0,0.0,4.0,0.0,515.0,126.213592,83.495146,27.184466,1.941748,0.007122,0.492738,1.0,0.75,7.923077,1.0,0.492738,0.492738,0.0,0.0,0.169173,0.75,0.563636,0.0,0.381877,0.080754,0.369553,200.0,1.0,0.0,0.0,0.0,0.0,1.0,1.0,1.0,1.0,0.0,0.0,1.0,0.0,0.0,1.0,0.0,0.0,1.0,0.9,0.5,0.75,0.63,1.0,2.0,0.0,1.0,1.0,1.0,1.0,0.0,1.0,1.0,1.0,1.0,1.0,1.0,0.0,0.0,0.0,1.0,1.0,1.0,0.6,7.0,8.0,0.777778,0.888889,0.755556
dataset-v7-final,v2,extraction-v2,hybrid-v1,weak_serp,55.5556,,ветеринарная клиника рядом,veterinary_clinic,commercial,Москва,213,https://vetsy.ru/,vetsy.ru,5,0,,,homepage,ok,,artifacts\query--7730f36a19e762b0.json,217af809333ec31579e60976a75ab62cb0bc1b2c,265562,55.5556,8074.0,213786.0,1101.0,619.0,0.5622161671207992,6.188,84.0,13.1071,32.0,1.0,9.0,16.0,26.0,1.0,91.0,1.0,216.0,0.0,0.0,0.0,41.0,0.0,1.0,0.0,0.333333,13.0,1.0,16.0,0.037239,1.0,80.0,22.0,20.0,12.0,0.0,0.0,0.0,34.4062,72.661217,19.981835,18.165304,10.899183,0.037767,0.731767,1.0,0.5,13.7625,0.8125,0.731767,0.0,0.731767,0.0,0.537117,0.65,0.345455,0.510345,0.758704,0.251647,0.365883,200.0,1.0,0.0,0.0,1.0,1.0,0.0,0.0,0.0,0.0,1.0,1.0,1.0,0.0,0.0,0.0,0.0,0.0,1.0,1.0,1.0,1.0,1.0,1.0,2.0,1.0,1.0,1.0,1.0,1.0,0.0,1.0,0.0,1.0,1.0,0.0,1.0,1.0,6.0,1.0,1.0,1.0,1.0,1.0,8.0,7.0,0.888889,0.777778,0.888889
dataset-v7-final,v2,extraction-v2,hybrid-v1,weak_serp,11.1111,,ветеринарная клиника рядом,veterinary_clinic,commercial,Москва,213,https://vetkliniki.su/,vetkliniki.su,9,0,,,homepage,ok,,artifacts\query--b4670d9a07d81c2d.json,385ea7d2bad82209fe1323cdb4412ccf5d5bf80c,246995,11.1111,6501.0,194897.0,885.0,440.0,0.4971751412429379,6.1514,61.0,14.5082,36.0,1.0,12.0,57.0,70.0,1.0,80.0,1.0,199.0,0.0,0.0,0.0,105.0,3.0,4.0,1.0,0.666667,24.0,0.666667,14.0,0.118644,1.0,118.0,10.0,31.0,0.0,1.0,4.0,4.0,24.5833,133.333333,11.299435,35.028249,0.0,0.033356,0.782037,1.0,1.0,7.5,1.944444,0.782037,0.782037,0.521358,0.666667,0.461402,0.916667,0.545455,0.627586,0.0,0.191165,0.782037,200.0,1.0,0.0,0.0,1.0,1.0,0.0,0.0,0.0,0.0,1.0,1.0,1.0,0.0,0.0,0.0,0.0,0.0,1.0,1.0,1.0,1.0,1.0,0.0,0.0,0.0,1.0,1.0,0.0,1.0,0.0,1.0,1.0,1.0,1.0,1.0,1.0,1.0,1.0,0.0,1.0,0.0,1.0,0.4,6.0,7.0,0.666667,0.777778,0.614815
dataset-v7-final,v2,extraction-v2,hybrid-v1,weak_serp,100.0,,ветеринарная клиника консультация,veterinary_clinic,commercial,,,https://vetsy.ru/,vetsy.ru,1,0,,,homepage,ok,,artifacts\query--936dac7401eeab24.json,0a3a46b1954a3d58001fb520ae3819f0a3206c39,274457,100.0,8074.0,222629.0,1101.0,619.0,0.5622161671207992,6.188,84.0,13.1071,32.0,1.0,9.0,16.0,26.0,1.0,91.0,1.0,216.0,0.0,0.0,0.0,62.0,1.0,3.0,0.333333,0.666667,13.0,1.0,18.0,0.056312,1.0,80.0,22.0,20.0,12.0,0.0,0.0,0.0,34.4062,72.661217,19.981835,18.165304,10.899183,0.036267,0.762167,1.0,0.5,13.7625,0.8125,0.762167,0.254056,0.762167,0.333333,0.559431,0.766667,0.345455,0.510345,0.122919,0.262101,0.381084,200.0,1.0,0.0,0.0,1.0,1.0,0.0,0.0,0.0,0.0,1.0,1.0,1.0,0.0,0.0,0.0,0.0,0.0,1.0,1.0,1.0,1.0,1.0,1.0,2.0,1.0,1.0,1.0,1.0,1.0,0.0,1.0,0.0,1.0,1.0,0.0,1.0,1.0,6.0,1.0,1.0,1.0,1.0,1.0,8.0,7.0,0.888889,0.777778,0.888889
dataset-v7-final,v2,extraction-v2,hybrid-v1,weak_serp,88.8889,,ветеринарная клиника консультация,veterinary_clinic,commercial,,,https://vetunion.ru/clinic/uslugi/online/,vetunion.ru,2,0,,,content,ok,,artifacts\query--97a589ee35ee3531.json,77b6c84e4697dfd766c3abd79c26cc50348ff036,1037212,88.8889,19810.0,915105.0,2743.0,1114.0,0.4061246810061976,6.0171,179.0,15.324,192.0,1.0,9.0,7.0,17.0,1.0,68.0,1.0,152.0,0.0,0.0,0.0,106.0,1.0,2.0,0.333333,0.666667,9.0,0.666667,9.0,0.038644,1.0,113.0,47.0,28.0,13.0,7.0,56.0,8.0,14.2865,41.195771,17.134524,10.207802,4.739336,0.021648,0.79124,1.0,1.0,24.274336,0.088542,0.79124,0.263747,0.527493,0.222222,0.79124,0.683333,0.763636,0.951724,0.711873,0.321342,0.79124,200.0,1.0,0.0,0.0,1.0,1.0,1.0,0.0,0.0,0.0,1.0,1.0,1.0,0.0,0.0,3.0,0.0,0.0,1.0,0.7,1.0,1.0,0.94,1.0,5.0,1.0,1.0,1.0,1.0,1.0,0.0,1.0,0.0,1.0,1.0,0.0,1.0,1.0,7.0,1.0,1.0,1.0,1.0,1.0,8.0,7.0,0.888889,0.777778,0.888889
dataset-v7-final,v2,extraction-v2,hybrid-v1,weak_serp,77.7778,,ветеринарная клиника консультация,veterinary_clinic,commercial,,,https://sotnikov-clinic.ru/departments/onlajn-konsultaczii-speczialistov/,sotnikov-clinic.ru,3,0,,,content,ok,,artifacts\query--0b78c7ee6a9aecd0.json,5523c6eeb7ba0b23b8b2cc4acde90ad4676da2c4,544294,77.7778,25131.0,412474.0,3104.0,1296.0,0.4175257731958763,6.7954,329.0,9.4347,60.0,1.0,1.0,2.0,4.0,1.0,73.0,0.0,0.0,0.0,0.0,0.0,275.0,3.0,0.0,1.0,0.0,3.0,1.0,12.0,0.088595,1.0,184.0,53.0,278.0,24.0,2.0,24.0,12.0,51.7333,59.278351,17.074742,89.561856,7.731959,0.060927,0.348408,1.0,1.0,16.869565,0.066667,0.348408,0.348408,0.348408,1.0,0.348408,1.0,0.672727,0.0,0.0,0.145469,0.348408,200.0,1.0,0.0,0.0,1.0,1.0,1.0,0.0,0.0,0.0,1.0,1.0,1.0,0.0,0.0,2.0,0.0,0.0,1.0,0.8,1.0,1.0,0.96,1.0,2.0,1.0,1.0,0.0,1.0,1.0,0.0,0.0,1.0,1.0,0.0,0.0,0.0,1.0,47.0,1.0,1.0,1.0,1.0,0.8,5.0,6.0,0.555556,0.666667,0.674074
dataset-v7-final,v2,extraction-v2,hybrid-v1,weak_serp,66.6667,,ветеринарная клиника консультация,veterinary_clinic,commercial,,,https://sprosivracha.com/questions/veterinar,sprosivracha.com,4,0,,,content,ok,,artifacts\query--a97f7a3c5a4983be.json,81b6757b63c0032efc742a73eda051e733e4bec5,4076,66.6667,73.0,2303.0,12.0,12.0,1.0,4.9167,4.0,3.0,2.0,0.0,0.0,0.0,0.0,0.0,0.0,0.0,0.0,0.0,0.0,0.0,0.0,0.0,0.0,0.0,0.0,0.0,0.0,0.0,0.0,0.0,0.0,1.0,0.0,0.0,0.0,2.0,0.0,6.0,0.0,83.333333,0.0,0.0,0.031698,0.104206,0.0,0.5,12.0,0.0,0.0,0.0,0.0,0.0,0.000834,0.0,0.0,0.0,0.0,0.000695,0.052103,401.0,0.0,0.0,0.0,0.0,0.0,0.0,0.0,0.0,0.0,0.0,0.0,0.0,0.0,0.0,2.0,0.0,0.0,1.0,0.8,0.0,0.75,0.51,0.0,0.0,0.0,1.0,0.0,0.0,0.0,0.0,0.0,0.0,1.0,0.0,0.0,0.0,0.0,0.0,0.0,0.0,1.0,1.0,0.2,1.0,4.0,0.111111,0.444444,0.251852
dataset-v7-final,v2,extraction-v2,hybrid-v1,weak_serp,55.5556,,ветеринарная клиника консультация,veterinary_clinic,commercial,,,https://vetexpert.ru/,vetexpert.ru,5,0,,,homepage,ok,,artifacts\query--effdbe923fb3e963.json,68aaea287b023be3eb761efb54f237b4ac56d0b8,2007470,55.5556,31794.0,1850144.0,4264.0,1568.0,0.3677298311444653,6.2387,336.0,12.6905,1.0,1.0,9.0,0.0,10.0,1.0,75.0,1.0,115.0,0.0,0.0,0.0,176.0,2.0,1.0,0.666667,0.333333,1.0,0.333333,14.0,0.041276,1.0,136.0,144.0,115.0,25.0,1.0,8.0,8.0,4264.0,31.894934,33.771107,26.969981,5.863039,0.017185,0.683177,1.0,1.0,31.352941,10.0,0.683177,0.455451,0.227726,0.222222,0.683177,0.716667,0.636364,0.793103,0.62414,0.251225,0.683177,200.0,1.0,0.0,0.0,1.0,1.0,0.0,0.0,0.0,0.0,1.0,1.0,0.0,0.0,0.0,0.0,0.0,0.0,1.0,1.0,0.5,1.0,0.9,1.0,5.0,1.0,1.0,0.0,1.0,1.0,0.0,1.0,1.0,1.0,1.0,0.0,0.0,1.0,33.0,1.0,1.0,1.0,1.0,0.8,6.0,7.0,0.666667,0.777778,0.748148
dataset-v7-final,v2,extraction-v2,hybrid-v1,weak_serp,44.4444,,ветеринарная клиника консультация,veterinary_clinic,commercial,,,https://mydoc.ru/pets/consultations,mydoc.ru,6,0,,,content,ok,,artifacts\query--0b3fd00e881de14e.json,aae173fe41b1a16d1668a999b179a2a30a1a1c34,206069,44.4444,7477.0,152964.0,968.0,451.0,0.4659090909090909,6.4246,46.0,21.0435,47.0,1.0,1.0,0.0,2.0,1.0,54.0,1.0,119.0,0.0,0.0,0.0,59.0,1.0,2.0,0.333333,0.333333,2.0,0.333333,20.0,0.06095,1.0,74.0,38.0,18.0,0.0,3.0,3.0,1.0,20.5957,76.446281,39.256198,18.595041,0.0,0.048881,0.653834,1.0,1.0,13.081081,0.042553,0.653834,0.217945,0.217945,0.111111,0.421941,0.6,0.981818,0.82069,0.0,0.163822,0.653834,200.0,1.0,0.0,0.0,0.0,0.0,1.0,0.0,0.0,0.0,1.0,1.0,1.0,0.0,0.0,2.0,0.0,0.0,1.0,0.8,1.0,0.75,0.91,1.0,8.0,1.0,1.0,1.0,1.0,1.0,0.0,1.0,0.0,0.0,0.0,0.0,1.0,1.0,14.0,1.0,1.0,1.0,1.0,1.0,8.0,5.0,0.888889,0.555556,0.814815
dataset-v7-final,v2,extraction-v2,hybrid-v1,weak_serp,33.3333,,ветеринарная клиника консультация,veterinary_clinic,commercial,,,https://goodhands.vet/services/konsultatsiya-onlayn/,goodhands.vet,7,0,,,category,ok,,artifacts\query--dfe0d91cb74c01d7.json,c456b4767d2abdda3e1704ccd4c98b4ae0391c7e,394947,33.3333,10987.0,266117.0,1376.0,588.0,0.4273255813953488,6.814,70.0,19.6571,19.0,1.0,3.0,11.0,15.0,1.0,59.0,1.0,164.0,0.0,0.0,0.0,57.0,1.0,3.0,0.333333,1.0,8.0,0.666667,7.0,0.041424,1.0,365.0,23.0,313.0,0.0,1.0,1.0,1.0,72.4211,265.261628,16.715116,227.47093,0.0,0.041286,0.453496,1.0,1.0,3.769863,0.789474,0.453496,0.151165,0.302331,0.222222,0.416007,0.683333,0.927273,0.868966,0.619186,0.148142,0.453496,200.0,1.0,0.0,0.0,0.0,0.0,0.0,0.0,0.0,0.0,1.0,1.0,1.0,0.0,0.0,2.0,0.0,0.0,1.0,0.8,1.0,0.75,0.91,1.0,2.0,1.0,1.0,1.0,1.0,1.0,0.0,1.0,0.0,1.0,1.0,1.0,0.0,1.0,10.0,1.0,1.0,1.0,1.0,1.0,7.0,8.0,0.777778,0.888889,0.888889
dataset-v7-final,v2,extraction-v2,hybrid-v1,weak_serp,22.2222,,ветеринарная клиника консультация,veterinary_clinic,commercial,,,https://myvetexpert.ru/,myvetexpert.ru,8,0,,,homepage,ok,,artifacts\query--fa70d46af2d7c077.json,2dad29674419d4493533e6ffdfe529a568e808ad,194146,22.2222,19665.0,125035.0,2542.0,1004.0,0.3949645948072384,6.5149,315.0,8.0698,36.0,1.0,4.0,0.0,5.0,1.0,140.0,1.0,207.0,0.0,0.0,0.0,94.0,1.0,3.0,0.333333,0.333333,1.0,0.333333,29.0,0.036979,1.0,80.0,12.0,64.0,10.0,0.0,0.0,0.0,70.6111,31.471282,4.720692,25.177026,3.93391,0.157276,0.690022,1.0,0.5,31.775,0.138889,0.690022,0.230007,0.230007,0.111111,0.690022,0.6,0.0,0.572414,0.767375,0.272534,0.345011,200.0,1.0,0.0,0.0,1.0,1.0,0.0,0.0,0.0,0.0,1.0,1.0,1.0,0.0,0.0,0.0,0.0,0.0,1.0,1.0,1.0,1.0,1.0,1.0,6.0,1.0,1.0,0.0,1.0,1.0,0.0,1.0,0.0,1.0,0.0,1.0,0.0,1.0,30.0,1.0,1.0,1.0,1.0,0.8,6.0,6.0,0.666667,0.666667,0.711111
dataset-v7-final,v2,extraction-v2,hybrid-v1,weak_serp,11.1111,,ветеринарная клиника консультация,veterinary_clinic,commercial,,,https://vetvot.ru/konsul-tatsiya,vetvot.ru,9,0,,,content,ok,,artifacts\query--30d9605d59b58304.json,a0e0ae7270357ccbaa2cab3d581cd6a8fe774b8d,161506,11.1111,4948.0,129732.0,622.0,367.0,0.590032154340836,6.8087,31.0,20.0645,19.0,1.0,4.0,11.0,16.0,1.0,54.0,1.0,150.0,0.0,0.0,0.0,53.0,3.0,4.0,1.0,1.0,11.0,1.0,23.0,0.085209,1.0,75.0,8.0,64.0,4.0,0.0,0.0,0.0,32.7368,120.578778,12.861736,102.893891,6.430868,0.03814,0.665989,1.0,0.5,8.293333,0.842105,0.665989,0.665989,0.665989,1.0,0.276163,1.0,0.981818,0.965517,0.0,0.135788,0.332995,200.0,1.0,0.0,0.0,0.0,0.0,1.0,0.0,0.0,0.0,1.0,1.0,1.0,0.0,0.0,1.0,0.0,0.0,1.0,0.9,1.0,0.75,0.93,1.0,2.0,1.0,1.0,1.0,1.0,1.0,0.0,1.0,0.0,1.0,1.0,0.0,0.0,1.0,4.0,1.0,1.0,1.0,1.0,1.0,7.0,7.0,0.777778,0.777778,0.851852
dataset-v7-final,v2,extraction-v2,hybrid-v1,weak_serp,0.0,,ветеринарная клиника консультация,veterinary_clinic,commercial,,,https://petstory.ru/televet-emergency/,petstory.ru,10,0,,,content,ok,,artifacts\query--3af1bfef499739e4.json,68f3755bca1682160883e402889c330a69afc91e,1024399,0.0,8844.0,957992.0,1273.0,529.0,0.41555380989787905,5.8625,38.0,33.5,92.0,1.0,0.0,6.0,7.0,1.0,58.0,1.0,58.0,0.0,0.0,0.0,57.0,1.0,1.0,0.333333,0.333333,6.0,0.666667,5.0,0.044776,1.0,70.0,70.0,38.0,0.0,0.0,0.0,0.0,13.837,54.988217,54.988217,29.850746,0.0,0.009232,0.699901,1.0,0.5,18.185714,0.076087,0.699901,0.2333,0.466601,0.222222,0.593983,0.683333,0.945455,0.4,0.507463,0.205693,0.34995,200.0,1.0,0.0,0.0,0.0,0.0,0.0,0.0,0.0,0.0,1.0,1.0,0.0,0.0,0.0,1.0,0.0,0.0,1.0,0.9,0.5,0.75,0.83,0.0,0.0,0.0,1.0,1.0,0.0,1.0,0.0,0.0,0.0,1.0,1.0,0.0,0.0,1.0,3.0,1.0,1.0,1.0,1.0,0.6,4.0,6.0,0.444444,0.666667,0.57037
dataset-v7-final,v2,extraction-v2,hybrid-v1,weak_serp,100.0,,лучшие ветеринарная клиника,veterinary_clinic,comparison,,,https://vetsy.ru/clinics/,vetsy.ru,1,0,,,content,ok,,artifacts\query--b5223a67882a0af2.json,c10d78b0c77ca4a33ff366444553b1be3ac8e11a,334886,100.0,9055.0,279348.0,1180.0,453.0,0.38389830508474576,6.5492,53.0,22.2642,8.0,1.0,1.0,4.0,6.0,1.0,69.0,1.0,123.0,0.0,0.0,0.0,62.0,3.0,6.0,0.666667,1.0,2.0,0.666667,11.0,0.052542,1.0,70.0,12.0,22.0,2.0,1.0,8.0,8.0,147.5,59.322034,10.169492,18.644068,1.694915,0.032415,0.472566,1.0,1.0,16.857143,0.75,0.472566,0.315044,0.315044,0.444444,0.371752,0.8,0.745455,0.848276,0.248588,0.118929,0.472566,200.0,1.0,0.0,0.0,1.0,1.0,0.0,0.0,0.0,0.0,1.0,1.0,1.0,0.0,0.0,1.0,0.0,0.0,1.0,0.9,1.0,1.0,0.98,1.0,2.0,1.0,1.0,1.0,0.0,1.0,0.0,0.0,0.0,1.0,1.0,1.0,1.0,1.0,1.0,1.0,0.0,1.0,1.0,1.0,5.0,8.0,0.555556,0.888889,0.814815
dataset-v7-final,v2,extraction-v2,hybrid-v1,weak_serp,88.8889,,лучшие ветеринарная клиника,veterinary_clinic,comparison,,,https://vetkliniky.ru/,vetkliniky.ru,2,0,,,homepage,ok,,artifacts\query--d3ef75dc0a7d2879.json,971b3be9798e415c7fb0e0298721fb73ef4df444,164242,88.8889,10101.0,64362.0,1776.0,996.0,0.5608108108108109,4.6199,44.0,40.3636,14.0,1.0,3.0,0.0,4.0,1.0,75.0,1.0,164.0,0.0,0.0,0.0,8.0,2.0,2.0,0.666667,0.666667,2.0,0.666667,4.0,0.004505,0.666667,680.0,1.0,670.0,6.0,1.0,6.0,6.0,126.8571,382.882883,0.563063,377.252252,3.378378,0.15694,0.700078,1.0,1.0,2.611765,0.285714,0.466719,0.466719,0.466719,0.444444,0.700078,0.75,0.636364,0.868966,0.1001,0.387376,0.700078,200.0,1.0,0.0,0.0,1.0,1.0,0.0,0.0,0.0,0.0,1.0,1.0,1.0,0.0,0.0,0.0,0.0,0.0,1.0,1.0,1.0,1.0,1.0,0.0,0.0,0.0,1.0,1.0,1.0,1.0,0.0,1.0,0.0,1.0,1.0,0.0,0.0,1.0,1.0,0.0,1.0,1.0,1.0,0.4,6.0,6.0,0.666667,0.666667,0.577778
dataset-v7-final,v2,extraction-v2,hybrid-v1,weak_serp,77.7778,,лучшие ветеринарная клиника,veterinary_clinic,comparison,,,https://mirstat.ru/russia/veterinary_clinic.html,mirstat.ru,3,0,,,content,ok,,artifacts\query--f9d16b2dbeed08aa.json,94ae7a04ebfb1580e8459d9e582298a9c96b65d9,336669,77.7778,40010.0,203774.0,5012.0,1795.0,0.35814046288906626,6.8915,133.0,37.6842,1.0,1.0,0.0,0.0,1.0,1.0,50.0,1.0,81.0,0.0,0.0,0.0,48.0,2.0,2.0,0.666667,0.666667,2.0,0.666667,6.0,0.009577,1.0,230.0,1.0,0.0,72.0,0.0,1.0,0.0,5012.0,45.889864,0.199521,0.0,14.365523,0.196345,0.445918,1.0,0.5,21.791304,1.0,0.445918,0.297279,0.297279,0.444444,0.445918,0.8,0.909091,0.558621,0.319234,0.159701,0.222959,200.0,1.0,0.0,0.0,1.0,1.0,0.0,0.0,0.0,0.0,1.0,1.0,0.0,0.0,0.0,2.0,0.0,0.0,1.0,0.8,0.5,1.0,0.86,1.0,63.0,0.0,1.0,1.0,0.0,1.0,1.0,0.0,0.0,1.0,1.0,1.0,0.0,0.0,0.0,0.0,1.0,1.0,1.0,0.6,5.0,7.0,0.555556,0.777778,0.644444
dataset-v7-final,v2,extraction-v2,hybrid-v1,weak_serp,66.6667,,лучшие ветеринарная клиника,veterinary_clinic,comparison,,,https://vetsystem.ru/clinic/,vetsystem.ru,4,0,,,content,ok,,artifacts\query--75292e6f0648de4f.json,e274f1e0d31653f95e044820133f87ef22db1afa,129063,66.6667,8066.0,73217.0,1012.0,379.0,0.37450592885375494,6.7935,68.0,14.8824,21.0,1.0,1.0,0.0,2.0,1.0,93.0,1.0,126.0,0.0,0.0,0.0,80.0,4.0,4.0,0.666667,0.666667,2.0,0.666667,27.0,0.079051,0.666667,242.0,75.0,215.0,10.0,3.0,35.0,11.666667,48.1905,239.130435,74.110672,212.450593,9.881423,0.110166,0.689763,1.0,1.0,4.181818,0.095238,0.459842,0.459842,0.459842,0.444444,0.46536,0.75,0.309091,0.868966,0.0,0.145233,0.689763,200.0,1.0,0.0,0.0,0.0,0.0,1.0,0.0,0.0,0.0,1.0,1.0,0.0,0.0,0.0,1.0,0.0,0.0,1.0,0.9,0.5,0.75,0.83,1.0,1.0,1.0,1.0,0.0,0.0,1.0,0.0,0.0,0.0,1.0,1.0,0.0,0.0,1.0,1.0,0.0,1.0,1.0,1.0,0.6,4.0,6.0,0.444444,0.666667,0.57037
dataset-v7-final,v2,extraction-v2,hybrid-v1,weak_serp,55.5556,,лучшие ветеринарная клиника,veterinary_clinic,comparison,,,https://petstime.ru/krupneyshie-veterinarnye-seti-v-rossii,petstime.ru,5,0,,,content,ok,,artifacts\query--93996b465ba37ea4.json,8b40db0d3b14dfc59b56ff344850286645e7d19d,800227,55.5556,12381.0,734667.0,1618.0,839.0,0.5185414091470952,6.4135,127.0,12.7402,74.0,1.0,10.0,1.0,12.0,1.0,91.0,1.0,118.0,0.0,0.0,0.0,86.0,3.0,2.0,1.0,0.666667,7.0,0.666667,9.0,0.053152,1.0,114.0,42.0,82.0,23.0,4.0,12.0,3.0,21.8649,70.457355,25.957973,50.679852,14.21508,0.016853,0.653359,1.0,1.0,14.192982,0.162162,0.653359,0.653359,0.435573,0.666667,0.653359,0.916667,0.345455,0.813793,0.228265,0.304538,0.653359,200.0,1.0,0.0,0.0,1.0,1.0,1.0,0.0,0.0,0.0,1.0,1.0,1.0,0.0,0.0,1.0,0.0,0.0,1.0,0.9,1.0,1.0,0.98,0.0,0.0,1.0,1.0,1.0,0.0,1.0,0.0,0.0,0.0,1.0,0.0,0.0,1.0,1.0,1.0,1.0,1.0,1.0,1.0,0.8,5.0,6.0,0.555556,0.666667,0.674074
dataset-v7-final,v2,extraction-v2,hybrid-v1,weak_serp,44.4444,,лучшие ветеринарная клиника,veterinary_clinic,comparison,,,https://vetkliniki.su/,vetkliniki.su,6,0,,,homepage,ok,,artifacts\query--5a666bced2c838cf.json,9d11f2b18a6d335de3b6d2a07cd7a3cd1a6dafd6,246874,44.4444,6501.0,194784.0,885.0,440.0,0.4971751412429379,6.1514,61.0,14.5082,36.0,1.0,12.0,57.0,70.0,1.0,80.0,1.0,199.0,0.0,0.0,0.0,102.0,2.0,5.0,0.666667,1.0,25.0,1.0,13.0,0.115254,1.0,118.0,10.0,31.0,0.0,1.0,4.0,4.0,24.5833,133.333333,11.299435,35.028249,0.0,0.033375,0.823018,1.0,1.0,7.5,1.944444,0.823018,0.548679,0.823018,0.666667,0.485581,0.883333,0.545455,0.627586,0.0,0.201182,0.823018,200.0,1.0,0.0,0.0,1.0,1.0,0.0,0.0,0.0,0.0,1.0,1.0,1.0,0.0,0.0,0.0,0.0,0.0,1.0,1.0,1.0,1.0,1.0,0.0,0.0,0.0,1.0,1.0,0.0,1.0,0.0,1.0,1.0,1.0,1.0,1.0,1.0,1.0,1.0,0.0,1.0,0.0,1.0,0.4,6.0,7.0,0.666667,0.777778,0.614815
dataset-v7-final,v2,extraction-v2,hybrid-v1,weak_serp,33.3333,,лучшие ветеринарная клиника,veterinary_clinic,comparison,,,https://vetsy.ru/,vetsy.ru,7,0,,,homepage,ok,,artifacts\query--90e0fadb9b4a2d77.json,64b671b0b2bba2404831c0336929c5d9dd6650b8,274456,33.3333,8074.0,222629.0,1101.0,619.0,0.5622161671207992,6.188,84.0,13.1071,32.0,1.0,9.0,16.0,26.0,1.0,91.0,1.0,216.0,0.0,0.0,0.0,40.0,0.0,1.0,0.0,0.333333,12.0,0.666667,15.0,0.036331,1.0,80.0,22.0,20.0,12.0,0.0,0.0,0.0,34.4062,72.661217,19.981835,18.165304,10.899183,0.036267,0.734406,1.0,0.5,13.7625,0.8125,0.734406,0.0,0.489604,0.0,0.539054,0.566667,0.345455,0.510345,0.78898,0.252554,0.367203,200.0,1.0,0.0,0.0,1.0,1.0,0.0,0.0,0.0,0.0,1.0,1.0,1.0,0.0,0.0,0.0,0.0,0.0,1.0,1.0,1.0,1.0,1.0,1.0,2.0,1.0,1.0,1.0,1.0,1.0,0.0,1.0,0.0,1.0,1.0,0.0,1.0,1.0,6.0,1.0,1.0,1.0,1.0,1.0,8.0,7.0,0.888889,0.777778,0.888889
dataset-v7-final,v2,extraction-v2,hybrid-v1,weak_serp,22.2222,,лучшие ветеринарная клиника,veterinary_clinic,comparison,,,https://reiting.infogoro.ru/luchshiye-veterinarnyye-kliniki-rossii-reyting/,reiting.infogoro.ru,8,0,,,content,ok,,artifacts\query--d9adc3d15b589520.json,87b1f55ee3d08e14f65fff2cca5afc21831f195c,338505,22.2222,38836.0,177817.0,4674.0,2020.0,0.4321780059905862,6.9994,449.0,10.4098,158.0,1.0,3.0,69.0,73.0,1.0,53.0,0.0,0.0,0.0,0.0,0.0,228.0,3.0,0.0,1.0,0.0,19.0,1.0,25.0,0.04878,1.0,135.0,27.0,129.0,29.0,1.0,1.0,1.0,29.5823,28.883184,5.776637,27.599487,6.204536,0.218404,0.646055,1.0,1.0,34.622222,0.462025,0.646055,0.646055,0.646055,1.0,0.646055,1.0,0.963636,0.0,0.373984,0.279211,0.646055,200.0,1.0,0.0,0.0,1.0,1.0,1.0,0.0,0.0,0.0,1.0,1.0,1.0,0.0,0.0,1.0,0.0,0.0,1.0,0.9,1.0,1.0,0.98,1.0,10.0,0.0,1.0,1.0,1.0,1.0,1.0,1.0,1.0,1.0,1.0,1.0,0.0,1.0,3.0,1.0,1.0,1.0,1.0,0.8,8.0,8.0,0.888889,0.888889,0.859259
dataset-v7-final,v2,extraction-v2,hybrid-v1,weak_serp,11.1111,,лучшие ветеринарная клиника,veterinary_clinic,comparison,,,https://topchik.me/ru/veterinarnye-kliniki,topchik.me,9,0,,,content,ok,,artifacts\query--870b97132d91401d.json,4a9f4b46ef8a4de6cbcffc4ac91c4f8ea0da82c7,458602,11.1111,13421.0,280550.0,1964.0,745.0,0.37932790224032586,5.4007,132.0,14.8788,1.0,1.0,0.0,0.0,1.0,1.0,66.0,1.0,89.0,0.0,0.0,0.0,246.0,3.0,3.0,1.0,1.0,3.0,1.0,30.0,0.125255,1.0,702.0,103.0,323.0,0.0,1.0,1.0,1.0,1964.0,357.433809,52.443992,164.460285,0.0,0.047838,0.51823,1.0,1.0,2.797721,1.0,0.51823,0.51823,0.51823,1.0,0.51823,1.0,0.8,0.613793,0.0,0.196579,0.51823,200.0,1.0,0.0,0.0,1.0,1.0,0.0,0.0,0.0,0.0,1.0,1.0,1.0,0.0,0.0,2.0,0.0,0.0,1.0,0.8,1.0,1.0,0.96,1.0,100.0,0.0,0.0,0.0,0.0,0.0,0.0,0.0,0.0,1.0,0.0,0.0,1.0,1.0,1.0,0.0,0.0,1.0,1.0,0.2,3.0,3.0,0.333333,0.333333,0.288889
dataset-v7-final,v2,extraction-v2,hybrid-v1,weak_serp,0.0,,лучшие ветеринарная клиника,veterinary_clinic,comparison,,,https://veterinarnye-cliniki.ru/,veterinarnye-cliniki.ru,10,0,,,homepage,ok,,artifacts\query--fe19055f1d274587.json,7ccb007f38cdf69b07a956b8c4f2ce54248a9cc0,129282,0.0,6237.0,91433.0,858.0,402.0,0.46853146853146854,6.0501,60.0,14.3,15.0,1.0,0.0,0.0,1.0,1.0,55.0,1.0,92.0,0.0,0.0,0.0,66.0,2.0,3.0,0.666667,1.0,2.0,0.666667,20.0,0.076923,0.666667,67.0,42.0,35.0,0.0,1.0,1.0,1.0,57.2,78.088578,48.951049,40.792541,0.0,0.068214,0.540213,1.0,1.0,12.80597,0.066667,0.360142,0.360142,0.360142,0.444444,0.309002,0.75,1.0,0.634483,0.0,0.120648,0.540213,200.0,1.0,0.0,0.0,1.0,1.0,1.0,0.0,0.0,0.0,1.0,1.0,1.0,0.0,0.0,0.0,0.0,0.0,1.0,1.0,1.0,1.0,1.0,0.0,0.0,0.0,1.0,1.0,0.0,1.0,0.0,1.0,1.0,1.0,1.0,1.0,1.0,1.0,1.0,1.0,1.0,1.0,1.0,0.6,6.0,8.0,0.666667,0.888889,0.718519
