query,url,expert_target_score,label_source,labeler,notes
входные двери Екатеринбург,https://ekaterinburg.mall-of-doors.ru/,88.0,expert_rubric_v1,builder_d32_rubric_v1,band=70-89 usable; page_type=homepage; rank=6; strengths=deep_content|semantic_match|query_terms_covered|commercial_trust_signals|technical_seo_ok; risks=none
входные двери Екатеринбург,https://ekaterinburg.lemanapro.ru/catalogue/vhodnye-dveri/,0.0,expert_rubric_v1,builder_d32_rubric_v1,band=0-19 irrelevant_or_broken; page_type=product; rank=8; strengths=none; risks=thin_content|weak_semantic_match|low_keyword_coverage|weak_commercial_trust
входные двери Казань,https://kazan.dverimagnat.ru/,86.4,expert_rubric_v1,builder_d32_rubric_v1,band=70-89 usable; page_type=homepage; rank=5; strengths=deep_content|semantic_match|query_terms_covered|commercial_trust_signals|technical_seo_ok; risks=none
входные двери Казань,https://mirdverey-kazan.ru/,0.0,expert_rubric_v1,builder_d32_rubric_v1,band=0-19 irrelevant_or_broken; page_type=homepage; rank=1; strengths=none; risks=thin_content|low_keyword_coverage
входные двери Краснодар,https://modern-dveri.ru/catalog/vkhodnye-dveri/,87.1,expert_rubric_v1,builder_d32_rubric_v1,band=70-89 usable; page_type=product; rank=6; strengths=deep_content|semantic_match|query_terms_covered|commercial_trust_signals|technical_seo_ok; risks=none
входные двери Краснодар,https://krasnodar.lemanapro.ru/catalogue/vhodnye-dveri/,0.0,expert_rubric_v1,builder_d32_rubric_v1,band=0-19 irrelevant_or_broken; page_type=product; rank=3; strengths=none; risks=thin_content|weak_semantic_match|low_keyword_coverage|weak_commercial_trust
входные двери Москва,https://100-dverei.ru/,89.7,expert_rubric_v1,builder_d32_rubric_v1,band=70-89 usable; page_type=homepage; rank=2; strengths=deep_content|semantic_match|query_terms_covered|commercial_trust_signals|technical_seo_ok; risks=none
входные двери Москва,https://lemanapro.ru/catalogue/vhodnye-dveri/,0.0,expert_rubric_v1,builder_d32_rubric_v1,band=0-19 irrelevant_or_broken; page_type=product; rank=1; strengths=none; risks=thin_content|weak_semantic_match|low_keyword_coverage|weak_commercial_trust
входные двери Нижний Новгород,https://nigny-novgorod.dverimagnat.ru/,84.5,expert_rubric_v1,builder_d32_rubric_v1,band=70-89 usable; page_type=homepage; rank=6; strengths=deep_content|query_terms_covered|commercial_trust_signals|technical_seo_ok; risks=none
входные двери Нижний Новгород,https://nn-dveri.ru/,38.4,expert_rubric_v1,builder_d32_rubric_v1,band=20-49 weak; page_type=homepage; rank=8; strengths=semantic_match|query_terms_covered|technical_seo_ok; risks=thin_content
входные двери Новосибирск,https://novosibirsk.dverimagnat.ru/,89.2,expert_rubric_v1,builder_d32_rubric_v1,band=70-89 usable; page_type=homepage; rank=1; strengths=deep_content|semantic_match|query_terms_covered|commercial_trust_signals|technical_seo_ok; risks=none
входные двери Новосибирск,https://centurion-door.ru/,72.7,expert_rubric_v1,builder_d32_rubric_v1,band=70-89 usable; page_type=homepage; rank=7; strengths=query_terms_covered|commercial_trust_signals|technical_seo_ok; risks=none
входные двери Самара,https://samara.dverimagnat.ru/,90.7,expert_rubric_v1,builder_d32_rubric_v1,band=90-100 strong; page_type=homepage; rank=1; strengths=deep_content|semantic_match|query_terms_covered|commercial_trust_signals|technical_seo_ok; risks=none
входные двери Самара,https://samara.lemanapro.ru/catalogue/vhodnye-dveri/,0.0,expert_rubric_v1,builder_d32_rubric_v1,band=0-19 irrelevant_or_broken; page_type=product; rank=2; strengths=none; risks=thin_content|weak_semantic_match|low_keyword_coverage|weak_commercial_trust
входные двери Санкт-Петербург,https://spb.mall-of-doors.ru/catalog/dveri-v-dom/,88.8,expert_rubric_v1,builder_d32_rubric_v1,band=70-89 usable; page_type=product; rank=9; strengths=deep_content|semantic_match|query_terms_covered|commercial_trust_signals|technical_seo_ok; risks=none
входные двери Санкт-Петербург,https://spb.lemanapro.ru/catalogue/vhodnye-dveri/,0.0,expert_rubric_v1,builder_d32_rubric_v1,band=0-19 irrelevant_or_broken; page_type=product; rank=3; strengths=none; risks=thin_content|weak_semantic_match|low_keyword_coverage|weak_commercial_trust
входные двери отзывы,https://irecommend.ru/catalog/list/9986-149512,83.1,expert_rubric_v1,builder_d32_rubric_v1,band=70-89 usable; page_type=product; rank=1; strengths=deep_content|semantic_match|query_terms_covered|commercial_trust_signals|technical_seo_ok; risks=none
входные двери отзывы,https://www.vseinstrumenti.ru/category/vhodnye-metallicheskie-dveri-176310/otzyvy/,0.0,expert_rubric_v1,builder_d32_rubric_v1,band=0-19 irrelevant_or_broken; page_type=category; rank=6; strengths=none; risks=thin_content|low_keyword_coverage|weak_commercial_trust|technical_seo_risk
входные двери цена Екатеринбург,https://ekaterenburg.estetdveri.ru/catalog/vkhodnye-dveri/,88.3,expert_rubric_v1,builder_d32_rubric_v1,band=70-89 usable; page_type=product; rank=9; strengths=deep_content|semantic_match|query_terms_covered|commercial_trust_signals|technical_seo_ok; risks=none
входные двери цена Екатеринбург,https://ekaterinburg.lemanapro.ru/catalogue/vhodnye-dveri/,0.0,expert_rubric_v1,builder_d32_rubric_v1,band=0-19 irrelevant_or_broken; page_type=product; rank=5; strengths=none; risks=thin_content|weak_semantic_match|low_keyword_coverage|weak_commercial_trust
входные двери цена Казань,https://kazan.dverimagnat.ru/,89.1,expert_rubric_v1,builder_d32_rubric_v1,band=70-89 usable; page_type=homepage; rank=1; strengths=deep_content|semantic_match|query_terms_covered|commercial_trust_signals|technical_seo_ok; risks=none
входные двери цена Казань,https://kazan.lemanapro.ru/catalogue/vhodnye-dveri/,0.0,expert_rubric_v1,builder_d32_rubric_v1,band=0-19 irrelevant_or_broken; page_type=product; rank=2; strengths=none; risks=thin_content|weak_semantic_match|low_keyword_coverage|weak_commercial_trust
входные двери цена Краснодар,https://krasnodar.mosdveri.ru/,85.0,expert_rubric_v1,builder_d32_rubric_v1,band=70-89 usable; page_type=homepage; rank=5; strengths=deep_content|semantic_match|query_terms_covered|commercial_trust_signals|technical_seo_ok; risks=none
входные двери цена Краснодар,https://krasnodar.lemanapro.ru/catalogue/vhodnye-dveri/,0.0,expert_rubric_v1,builder_d32_rubric_v1,band=0-19 irrelevant_or_broken; page_type=product; rank=1; strengths=none; risks=thin_content|weak_semantic_match|low_keyword_coverage|weak_commercial_trust
входные двери цена Москва,https://www.dverimagnat.ru/,92.0,expert_rubric_v1,builder_d32_rubric_v1,band=90-100 strong; page_type=homepage; rank=7; strengths=deep_content|semantic_match|query_terms_covered|commercial_trust_signals|technical_seo_ok; risks=none
входные двери цена Москва,https://lemanapro.ru/catalogue/vhodnye-dveri/,0.0,expert_rubric_v1,builder_d32_rubric_v1,band=0-19 irrelevant_or_broken; page_type=product; rank=1; strengths=none; risks=thin_content|weak_semantic_match|low_keyword_coverage|weak_commercial_trust
входные двери цена Нижний Новгород,https://nigny-novgorod.dverimagnat.ru/,88.3,expert_rubric_v1,builder_d32_rubric_v1,band=70-89 usable; page_type=homepage; rank=2; strengths=deep_content|semantic_match|query_terms_covered|commercial_trust_signals|technical_seo_ok; risks=none
входные двери цена Нижний Новгород,https://2gis.ru/n_novgorod/search/Входные двери/rubricId/9972,0.0,expert_rubric_v1,builder_d32_rubric_v1,band=0-19 irrelevant_or_broken; page_type=content; rank=10; strengths=none; risks=thin_content|weak_semantic_match|low_keyword_coverage|weak_commercial_trust|technical_seo_risk
входные двери цена Новосибирск,https://novosibirsk.dverimagnat.ru/,91.7,expert_rubric_v1,builder_d32_rubric_v1,band=90-100 strong; page_type=homepage; rank=1; strengths=deep_content|semantic_match|query_terms_covered|commercial_trust_signals|technical_seo_ok; risks=none
входные двери цена Новосибирск,https://novosibirsk.lemanapro.ru/catalogue/vhodnye-dveri/,0.0,expert_rubric_v1,builder_d32_rubric_v1,band=0-19 irrelevant_or_broken; page_type=product; rank=3; strengths=none; risks=thin_content|weak_semantic_match|low_keyword_coverage|weak_commercial_trust
входные двери цена Самара,https://samara.dverimagnat.ru/,93.3,expert_rubric_v1,builder_d32_rubric_v1,band=90-100 strong; page_type=homepage; rank=1; strengths=deep_content|semantic_match|query_terms_covered|commercial_trust_signals|technical_seo_ok; risks=none
входные двери цена Самара,https://samara.lemanapro.ru/catalogue/vhodnye-dveri/,0.0,expert_rubric_v1,builder_d32_rubric_v1,band=0-19 irrelevant_or_broken; page_type=product; rank=2; strengths=none; risks=thin_content|weak_semantic_match|low_keyword_coverage|weak_commercial_trust
входные двери цена Санкт-Петербург,https://spb.dverimagnat.ru/,91.2,expert_rubric_v1,builder_d32_rubric_v1,band=90-100 strong; page_type=homepage; rank=3; strengths=deep_content|semantic_match|query_terms_covered|commercial_trust_signals|technical_seo_ok; risks=none
входные двери цена Санкт-Петербург,https://spb.lemanapro.ru/catalogue/vhodnye-dveri/,0.0,expert_rubric_v1,builder_d32_rubric_v1,band=0-19 irrelevant_or_broken; page_type=product; rank=2; strengths=none; risks=thin_content|weak_semantic_match|low_keyword_coverage|weak_commercial_trust
как выбрать входные двери,https://www.cian.ru/stati-kak-vybrat-vhodnuju-dver-v-kvartiru-i-dom-340912/,85.3,expert_rubric_v1,builder_d32_rubric_v1,band=70-89 usable; page_type=content; rank=1; strengths=deep_content|semantic_match|query_terms_covered|technical_seo_ok; risks=none
как выбрать кухни на заказ,https://vkkuhni.ru/kak-vyibrat-kuhnyu/kak-vyibrat-kuhnyu-na-zakaz-polnyij-gajd-ot-proizvoditelya-s-15-letnim-opyitom.html,92.5,expert_rubric_v1,builder_d32_rubric_v1,band=90-100 strong; page_type=content; rank=1; strengths=deep_content|semantic_match|query_terms_covered|commercial_trust_signals|technical_seo_ok; risks=none
как выбрать кухни на заказ,https://russia-zov.ru/articles/как-выбрать-кухню/,79.5,expert_rubric_v1,builder_d32_rubric_v1,band=70-89 usable; page_type=article; rank=9; strengths=deep_content|semantic_match|query_terms_covered; risks=none
как выбрать натяжные потолки,https://geometrium-school.ru/blog/kakie-byvayut-natyazhnye-potolki-tipy-materialy-rekomendaczii-po-vyboru/,83.4,expert_rubric_v1,builder_d32_rubric_v1,band=70-89 usable; page_type=article; rank=5; strengths=deep_content|query_terms_covered|commercial_trust_signals|technical_seo_ok; risks=none
как выбрать натяжные потолки,https://pikabu.ru/story/kakie_natyazhnyie_potolki_vyibrat_v_kvartiru_v_2026_godu_matovyie_glyantsevyie_ili_satinovyie_13921758,73.0,expert_rubric_v1,builder_d32_rubric_v1,band=70-89 usable; page_type=content; rank=9; strengths=deep_content|query_terms_covered|technical_seo_ok; risks=weak_semantic_match
как выбрать пластиковые окна,https://okonti.ru/articles/kak-vybrat-plastikovye-okna-v-kvartiru/,94.8,expert_rubric_v1,builder_d32_rubric_v1,band=90-100 strong; page_type=article; rank=3; strengths=deep_content|semantic_match|query_terms_covered|commercial_trust_signals|technical_seo_ok; risks=none
как выбрать пластиковые окна,https://www.ivd.ru/stroitelstvo-i-remont/okna/kak-vybrat-plastikovye-okna-4-vazhnyh-momenta-kotorye-nuzhno-uchest-44801,81.6,expert_rubric_v1,builder_d32_rubric_v1,band=70-89 usable; page_type=content; rank=9; strengths=deep_content|query_terms_covered|technical_seo_ok; risks=none
как выбрать шкафы-купе,https://www.mebelmsk.ru/stati/sovety-eksperta/kak_vybrat_shkaf_kupe/,89.8,expert_rubric_v1,builder_d32_rubric_v1,band=70-89 usable; page_type=content; rank=3; strengths=deep_content|semantic_match|query_terms_covered|commercial_trust_signals|technical_seo_ok; risks=none
как выбрать шкафы-купе,https://mebelmrya.ru/blog/kak-pravilno-vybrat-shkaf-kupe-prakticheskoe-rukovodstvo,76.9,expert_rubric_v1,builder_d32_rubric_v1,band=70-89 usable; page_type=article; rank=7; strengths=semantic_match|query_terms_covered|technical_seo_ok; risks=none
кухни на заказ Екатеринбург,https://www.lovekuhnya.ru/,88.0,expert_rubric_v1,builder_d32_rubric_v1,band=70-89 usable; page_type=homepage; rank=2; strengths=deep_content|semantic_match|query_terms_covered|commercial_trust_signals|technical_seo_ok; risks=none
кухни на заказ Екатеринбург,https://ekaterinburg.lemanapro.ru/proekt-kuhni/na-zakaz/,0.0,expert_rubric_v1,builder_d32_rubric_v1,band=0-19 irrelevant_or_broken; page_type=content; rank=5; strengths=none; risks=thin_content|weak_semantic_match|low_keyword_coverage|weak_commercial_trust
кухни на заказ Казань,https://кухни116.рф/,80.5,expert_rubric_v1,builder_d32_rubric_v1,band=70-89 usable; page_type=homepage; rank=5; strengths=deep_content|query_terms_covered|technical_seo_ok; risks=none
кухни на заказ Казань,https://vekexpress.ru/,49.5,expert_rubric_v1,builder_d32_rubric_v1,band=20-49 weak; page_type=homepage; rank=9; strengths=semantic_match|technical_seo_ok; risks=weak_commercial_trust
кухни на заказ Краснодар,https://kuhnidar.ru/,86.5,expert_rubric_v1,builder_d32_rubric_v1,band=70-89 usable; page_type=homepage; rank=2; strengths=deep_content|semantic_match|query_terms_covered|commercial_trust_signals|technical_seo_ok; risks=none
кухни на заказ Краснодар,https://krasnodar-kuhni-na-zakaz.ru/,0.0,expert_rubric_v1,builder_d32_rubric_v1,band=0-19 irrelevant_or_broken; page_type=homepage; rank=5; strengths=none; risks=thin_content|weak_semantic_match|low_keyword_coverage|weak_commercial_trust
кухни на заказ Москва,https://www.100-kuhon.ru/,90.1,expert_rubric_v1,builder_d32_rubric_v1,band=90-100 strong; page_type=homepage; rank=8; strengths=deep_content|semantic_match|query_terms_covered|commercial_trust_signals|technical_seo_ok; risks=none
кухни на заказ Москва,https://www.mebelmsk.ru/mebel-na-zakaz/kukhni/,78.2,expert_rubric_v1,builder_d32_rubric_v1,band=70-89 usable; page_type=content; rank=2; strengths=deep_content|semantic_match|commercial_trust_signals|technical_seo_ok; risks=none
кухни на заказ Нижний Новгород,https://kuhni-pod-zakaz-nn.ru/,84.7,expert_rubric_v1,builder_d32_rubric_v1,band=70-89 usable; page_type=homepage; rank=5; strengths=deep_content|semantic_match|query_terms_covered|commercial_trust_signals|technical_seo_ok; risks=none
кухни на заказ Нижний Новгород,https://kuhnyabar.ru/,0.0,expert_rubric_v1,builder_d32_rubric_v1,band=0-19 irrelevant_or_broken; page_type=homepage; rank=9; strengths=none; risks=thin_content|weak_semantic_match|low_keyword_coverage|weak_commercial_trust|technical_seo_risk
кухни на заказ Новосибирск,https://www.kuhni-nsk.ru/catalog/kuhni/na-zakaz/,85.3,expert_rubric_v1,builder_d32_rubric_v1,band=70-89 usable; page_type=product; rank=1; strengths=deep_content|query_terms_covered|commercial_trust_signals|technical_seo_ok; risks=none
кухни на заказ Новосибирск,http://mebelin-nsk.ru/kukhni,0.0,expert_rubric_v1,builder_d32_rubric_v1,band=0-19 irrelevant_or_broken; page_type=content; rank=9; strengths=none; risks=thin_content|weak_semantic_match|low_keyword_coverage|weak_commercial_trust|technical_seo_risk
кухни на заказ Самара,https://ka2design.ru/,86.8,expert_rubric_v1,builder_d32_rubric_v1,band=70-89 usable; page_type=homepage; rank=10; strengths=deep_content|semantic_match|query_terms_covered|commercial_trust_signals|technical_seo_ok; risks=none
кухни на заказ Самара,https://samara.lemanapro.ru/proekt-kuhni/na-zakaz/,0.0,expert_rubric_v1,builder_d32_rubric_v1,band=0-19 irrelevant_or_broken; page_type=content; rank=1; strengths=none; risks=thin_content|weak_semantic_match|low_keyword_coverage|weak_commercial_trust
кухни на заказ Санкт-Петербург,https://lenkuhni.ru/,90.4,expert_rubric_v1,builder_d32_rubric_v1,band=90-100 strong; page_type=homepage; rank=2; strengths=deep_content|semantic_match|query_terms_covered|commercial_trust_signals|technical_seo_ok; risks=none
кухни на заказ Санкт-Петербург,https://structurakitchen.ru/,76.3,expert_rubric_v1,builder_d32_rubric_v1,band=70-89 usable; page_type=homepage; rank=10; strengths=deep_content|semantic_match|query_terms_covered|commercial_trust_signals|technical_seo_ok; risks=none
кухни на заказ отзывы,https://vkkuhni.ru/otzyivyi,92.7,expert_rubric_v1,builder_d32_rubric_v1,band=90-100 strong; page_type=content; rank=10; strengths=deep_content|semantic_match|query_terms_covered|commercial_trust_signals|technical_seo_ok; risks=none
кухни на заказ отзывы,https://otzovik.com/reviews/kuhnya_kuhni_na_zakaz/,61.6,expert_rubric_v1,builder_d32_rubric_v1,band=50-69 partial; page_type=content; rank=2; strengths=semantic_match|query_terms_covered|technical_seo_ok; risks=none
кухни на заказ цена Екатеринбург,https://www.lovekuhnya.ru/,88.7,expert_rubric_v1,builder_d32_rubric_v1,band=70-89 usable; page_type=homepage; rank=1; strengths=deep_content|semantic_match|query_terms_covered|commercial_trust_signals|technical_seo_ok; risks=none
кухни на заказ цена Екатеринбург,https://kuhnya-ekb.ru/,0.0,expert_rubric_v1,builder_d32_rubric_v1,band=0-19 irrelevant_or_broken; page_type=homepage; rank=6; strengths=none; risks=thin_content|weak_semantic_match|low_keyword_coverage|weak_commercial_trust
кухни на заказ цена Казань,https://kuhni-mebelyer.ru/,83.3,expert_rubric_v1,builder_d32_rubric_v1,band=70-89 usable; page_type=homepage; rank=9; strengths=deep_content|query_terms_covered|commercial_trust_signals|technical_seo_ok; risks=none
кухни на заказ цена Казань,https://kuhni-kazanzakazz.ru/,69.0,expert_rubric_v1,builder_d32_rubric_v1,band=50-69 partial; page_type=homepage; rank=6; strengths=deep_content|semantic_match|technical_seo_ok; risks=none
кухни на заказ цена Краснодар,https://kuhnidar.ru/,85.4,expert_rubric_v1,builder_d32_rubric_v1,band=70-89 usable; page_type=homepage; rank=3; strengths=deep_content|semantic_match|query_terms_covered|commercial_trust_signals|technical_seo_ok; risks=none
кухни на заказ цена Краснодар,https://kukhni-vkrasnodare.ru/,57.1,expert_rubric_v1,builder_d32_rubric_v1,band=50-69 partial; page_type=homepage; rank=5; strengths=semantic_match|query_terms_covered|technical_seo_ok; risks=none
кухни на заказ цена Москва,https://mebel-renessans.ru/kuhni,88.2,expert_rubric_v1,builder_d32_rubric_v1,band=70-89 usable; page_type=content; rank=2; strengths=deep_content|semantic_match|query_terms_covered|commercial_trust_signals|technical_seo_ok; risks=none
кухни на заказ цена Москва,https://www.mebelmsk.ru/mebel-na-zakaz/kukhni/,80.3,expert_rubric_v1,builder_d32_rubric_v1,band=70-89 usable; page_type=content; rank=1; strengths=deep_content|semantic_match|query_terms_covered|commercial_trust_signals|technical_seo_ok; risks=none
кухни на заказ цена Нижний Новгород,https://love-kuhnya-na-zakaz-nn.ru/,85.0,expert_rubric_v1,builder_d32_rubric_v1,band=70-89 usable; page_type=homepage; rank=4; strengths=deep_content|query_terms_covered|commercial_trust_signals|technical_seo_ok; risks=none
кухни на заказ цена Нижний Новгород,https://кухни-на-заказ-нижний-новгород.рф/,0.0,expert_rubric_v1,builder_d32_rubric_v1,band=0-19 irrelevant_or_broken; page_type=homepage; rank=10; strengths=none; risks=thin_content|weak_semantic_match|low_keyword_coverage|weak_commercial_trust
кухни на заказ цена Новосибирск,https://lovekuhnya-novosib.ru/,87.1,expert_rubric_v1,builder_d32_rubric_v1,band=70-89 usable; page_type=homepage; rank=4; strengths=deep_content|semantic_match|query_terms_covered|commercial_trust_signals|technical_seo_ok; risks=none
кухни на заказ цена Новосибирск,http://mebelin-nsk.ru/kukhni,0.0,expert_rubric_v1,builder_d32_rubric_v1,band=0-19 irrelevant_or_broken; page_type=content; rank=9; strengths=none; risks=thin_content|weak_semantic_match|low_keyword_coverage|weak_commercial_trust|technical_seo_risk
кухни на заказ цена Самара,https://samara.kupit-kuhny.ru/,83.6,expert_rubric_v1,builder_d32_rubric_v1,band=70-89 usable; page_type=homepage; rank=4; strengths=deep_content|query_terms_covered|commercial_trust_signals|technical_seo_ok; risks=none
кухни на заказ цена Самара,https://www.avito.ru/samara/mebel_i_interer/kuhnya_na_zakaz_v_samare_s_proektom_pod_pomeschenie_i_ustanovkoy_8029860475,0.0,expert_rubric_v1,builder_d32_rubric_v1,band=0-19 irrelevant_or_broken; page_type=content; rank=9; strengths=none; risks=thin_content|weak_semantic_match|low_keyword_coverage|weak_commercial_trust
кухни на заказ цена Санкт-Петербург,https://lenkuhni.ru/,90.9,expert_rubric_v1,builder_d32_rubric_v1,band=90-100 strong; page_type=homepage; rank=3; strengths=deep_content|semantic_match|query_terms_covered|commercial_trust_signals|technical_seo_ok; risks=none
кухни на заказ цена Санкт-Петербург,https://petro-mebel.com/kuhni-na-zakaz/,75.4,expert_rubric_v1,builder_d32_rubric_v1,band=70-89 usable; page_type=content; rank=7; strengths=deep_content|query_terms_covered|technical_seo_ok; risks=none
натяжные потолки Екатеринбург,https://natyazhniepotolkiekb.ru/,84.7,expert_rubric_v1,builder_d32_rubric_v1,band=70-89 usable; page_type=homepage; rank=4; strengths=deep_content|query_terms_covered|commercial_trust_signals|technical_seo_ok; risks=none
натяжные потолки Екатеринбург,https://markakachestva.ru/amenities/9043-luchshie-firmy-natjazhnyh-potolkov-v-ekaterinburge-rejting.html,70.6,expert_rubric_v1,builder_d32_rubric_v1,band=70-89 usable; page_type=content; rank=2; strengths=deep_content|query_terms_covered|commercial_trust_signals|technical_seo_ok; risks=none
натяжные потолки Казань,https://kazan.potolok-montaz.ru/,81.1,expert_rubric_v1,builder_d32_rubric_v1,band=70-89 usable; page_type=homepage; rank=9; strengths=deep_content|query_terms_covered|commercial_trust_signals|technical_seo_ok; risks=none
натяжные потолки Казань,https://kazan.otproffi-potolki.ru/,69.5,expert_rubric_v1,builder_d32_rubric_v1,band=50-69 partial; page_type=homepage; rank=7; strengths=deep_content|commercial_trust_signals|technical_seo_ok; risks=none
натяжные потолки Краснодар,https://potolkito.ru/,82.3,expert_rubric_v1,builder_d32_rubric_v1,band=70-89 usable; page_type=homepage; rank=2; strengths=deep_content|query_terms_covered|commercial_trust_signals|technical_seo_ok; risks=none
натяжные потолки Краснодар,https://potolki193.ru/,49.3,expert_rubric_v1,builder_d32_rubric_v1,band=20-49 weak; page_type=homepage; rank=7; strengths=none; risks=none
натяжные потолки Москва,https://rumexpert.ru/,90.1,expert_rubric_v1,builder_d32_rubric_v1,band=90-100 strong; page_type=homepage; rank=2; strengths=deep_content|query_terms_covered|commercial_trust_signals|technical_seo_ok; risks=none
натяжные потолки Москва,https://potolok24moscow.ru/,70.4,expert_rubric_v1,builder_d32_rubric_v1,band=70-89 usable; page_type=homepage; rank=7; strengths=deep_content|semantic_match; risks=none
натяжные потолки Нижний Новгород,https://nn-decor.ru/,82.1,expert_rubric_v1,builder_d32_rubric_v1,band=70-89 usable; page_type=homepage; rank=1; strengths=deep_content|query_terms_covered|commercial_trust_signals|technical_seo_ok; risks=none
натяжные потолки Нижний Новгород,https://2gis.ru/n_novgorod/search/Продажа / монтаж потолков/rubricId/584,0.0,expert_rubric_v1,builder_d32_rubric_v1,band=0-19 irrelevant_or_broken; page_type=content; rank=9; strengths=none; risks=thin_content|weak_semantic_match|low_keyword_coverage|weak_commercial_trust|technical_seo_risk
натяжные потолки Новосибирск,https://alansa.ru/,89.8,expert_rubric_v1,builder_d32_rubric_v1,band=70-89 usable; page_type=homepage; rank=5; strengths=deep_content|query_terms_covered|commercial_trust_signals|technical_seo_ok; risks=none
натяжные потолки Новосибирск,https://potolok-v-novosibirske.ru/,51.7,expert_rubric_v1,builder_d32_rubric_v1,band=50-69 partial; page_type=homepage; rank=10; strengths=query_terms_covered|technical_seo_ok; risks=none
натяжные потолки Самара,https://potolki-63.ru/,85.4,expert_rubric_v1,builder_d32_rubric_v1,band=70-89 usable; page_type=homepage; rank=6; strengths=deep_content|semantic_match|query_terms_covered|commercial_trust_signals|technical_seo_ok; risks=none
натяжные потолки Самара,https://potolkius.ru/,67.9,expert_rubric_v1,builder_d32_rubric_v1,band=50-69 partial; page_type=homepage; rank=4; strengths=semantic_match|query_terms_covered|commercial_trust_signals|technical_seo_ok; risks=none
натяжные потолки Санкт-Петербург,https://evita-potolki.ru/,86.1,expert_rubric_v1,builder_d32_rubric_v1,band=70-89 usable; page_type=homepage; rank=2; strengths=deep_content|query_terms_covered|commercial_trust_signals|technical_seo_ok; risks=none
натяжные потолки Санкт-Петербург,https://potolki-sankt-peterburg.ru/,71.9,expert_rubric_v1,builder_d32_rubric_v1,band=70-89 usable; page_type=homepage; rank=4; strengths=deep_content|commercial_trust_signals|technical_seo_ok; risks=none
натяжные потолки отзывы,https://psmith.ru/about/potolki-reviews,78.7,expert_rubric_v1,builder_d32_rubric_v1,band=70-89 usable; page_type=content; rank=7; strengths=deep_content|query_terms_covered|commercial_trust_signals|technical_seo_ok; risks=none
натяжные потолки отзывы,https://dzen.ru/a/ZCMvlrAxjCnYTjHZ,40.2,expert_rubric_v1,builder_d32_rubric_v1,band=20-49 weak; page_type=content; rank=6; strengths=query_terms_covered; risks=none
натяжные потолки цена Екатеринбург,https://ekb.potolochnik24.ru/,82.5,expert_rubric_v1,builder_d32_rubric_v1,band=70-89 usable; page_type=homepage; rank=9; strengths=deep_content|query_terms_covered|commercial_trust_signals|technical_seo_ok; risks=none
натяжные потолки цена Екатеринбург,https://ekapotolok.ru/,69.2,expert_rubric_v1,builder_d32_rubric_v1,band=50-69 partial; page_type=homepage; rank=7; strengths=deep_content|commercial_trust_signals|technical_seo_ok; risks=none
натяжные потолки цена Казань,https://kazan-potolki.ru/,80.1,expert_rubric_v1,builder_d32_rubric_v1,band=70-89 usable; page_type=homepage; rank=1; strengths=deep_content|query_terms_covered|commercial_trust_signals|technical_seo_ok; risks=none
натяжные потолки цена Казань,https://potolki-ts.ru/kazan,65.4,expert_rubric_v1,builder_d32_rubric_v1,band=50-69 partial; page_type=content; rank=8; strengths=deep_content|commercial_trust_signals|technical_seo_ok; risks=none
натяжные потолки цена Краснодар,https://potolkito.ru/,80.7,expert_rubric_v1,builder_d32_rubric_v1,band=70-89 usable; page_type=homepage; rank=5; strengths=deep_content|query_terms_covered|commercial_trust_signals|technical_seo_ok; risks=none
натяжные потолки цена Краснодар,https://potolok-ns.ru/,65.3,expert_rubric_v1,builder_d32_rubric_v1,band=50-69 partial; page_type=homepage; rank=10; strengths=deep_content|commercial_trust_signals|technical_seo_ok; risks=none
натяжные потолки цена Москва,https://potolok.net/ceny,87.3,expert_rubric_v1,builder_d32_rubric_v1,band=70-89 usable; page_type=content; rank=5; strengths=deep_content|semantic_match|query_terms_covered|commercial_trust_signals|technical_seo_ok; risks=none
натяжные потолки цена Москва,https://vipceiling.ru/moscow/price/,75.6,expert_rubric_v1,builder_d32_rubric_v1,band=70-89 usable; page_type=content; rank=6; strengths=deep_content|query_terms_covered|commercial_trust_signals|technical_seo_ok; risks=none
натяжные потолки цена Нижний Новгород,https://nnpotolok.ru/,81.3,expert_rubric_v1,builder_d32_rubric_v1,band=70-89 usable; page_type=homepage; rank=3; strengths=deep_content|query_terms_covered|commercial_trust_signals|technical_seo_ok; risks=none
натяжные потолки цена Нижний Новгород,https://www.avito.ru/nizhniy_novgorod/predlozheniya_uslug/remont_i_otdelka/potolki-ASgBAgICAkSYC8CfAcQVzvr9Ag?q=натяжные+потолки,0.0,expert_rubric_v1,builder_d32_rubric_v1,band=0-19 irrelevant_or_broken; page_type=content; rank=8; strengths=none; risks=thin_content|weak_semantic_match|low_keyword_coverage|weak_commercial_trust|technical_seo_risk
натяжные потолки цена Новосибирск,https://alansa.ru/,87.6,expert_rubric_v1,builder_d32_rubric_v1,band=70-89 usable; page_type=homepage; rank=4; strengths=deep_content|query_terms_covered|commercial_trust_signals|technical_seo_ok; risks=none
натяжные потолки цена Новосибирск,https://averno.ru/,69.6,expert_rubric_v1,builder_d32_rubric_v1,band=50-69 partial; page_type=homepage; rank=7; strengths=deep_content|commercial_trust_signals|technical_seo_ok; risks=none
натяжные потолки цена Самара,https://самара.натяжные-потолки24.рф/,86.5,expert_rubric_v1,builder_d32_rubric_v1,band=70-89 usable; page_type=homepage; rank=1; strengths=deep_content|semantic_match|query_terms_covered|commercial_trust_signals|technical_seo_ok; risks=none
натяжные потолки цена Самара,https://potolki-sam.ru/ceny.html,61.5,expert_rubric_v1,builder_d32_rubric_v1,band=50-69 partial; page_type=content; rank=10; strengths=semantic_match|query_terms_covered|technical_seo_ok; risks=none
натяжные потолки цена Санкт-Петербург,https://tuspb.ru/,83.1,expert_rubric_v1,builder_d32_rubric_v1,band=70-89 usable; page_type=homepage; rank=7; strengths=deep_content|query_terms_covered|commercial_trust_signals|technical_seo_ok; risks=none
натяжные потолки цена Санкт-Петербург,https://potolki-sankt-peterburg.ru/,65.3,expert_rubric_v1,builder_d32_rubric_v1,band=50-69 partial; page_type=homepage; rank=8; strengths=deep_content|commercial_trust_signals|technical_seo_ok; risks=none
пластиковые окна Екатеринбург,https://plastikovye-okna-ekb.ru/,85.2,expert_rubric_v1,builder_d32_rubric_v1,band=70-89 usable; page_type=homepage; rank=9; strengths=deep_content|query_terms_covered|commercial_trust_signals|technical_seo_ok; risks=none
пластиковые окна Екатеринбург,https://ekb.okna-olkon.ru/,81.1,expert_rubric_v1,builder_d32_rubric_v1,band=70-89 usable; page_type=homepage; rank=1; strengths=deep_content|semantic_match|query_terms_covered|commercial_trust_signals|technical_seo_ok; risks=none
пластиковые окна Казань,https://kazan-ihlas.ru/,91.7,expert_rubric_v1,builder_d32_rubric_v1,band=90-100 strong; page_type=homepage; rank=4; strengths=deep_content|semantic_match|query_terms_covered|commercial_trust_signals|technical_seo_ok; risks=none
пластиковые окна Казань,https://kazanskiye-okna.ru/,60.9,expert_rubric_v1,builder_d32_rubric_v1,band=50-69 partial; page_type=homepage; rank=10; strengths=technical_seo_ok; risks=none
пластиковые окна Краснодар,https://krasnodar.delaem-okna.ru/,87.7,expert_rubric_v1,builder_d32_rubric_v1,band=70-89 usable; page_type=homepage; rank=6; strengths=deep_content|semantic_match|query_terms_covered|commercial_trust_signals|technical_seo_ok; risks=none
пластиковые окна Краснодар,https://markakachestva.ru/amenities/6129-luchshie-firmy-plastikovyh-okon-krasnodara-rejting.html,74.7,expert_rubric_v1,builder_d32_rubric_v1,band=70-89 usable; page_type=content; rank=2; strengths=deep_content|query_terms_covered|commercial_trust_signals|technical_seo_ok; risks=none
пластиковые окна Москва,https://www.okno-moskva.ru/,92.0,expert_rubric_v1,builder_d32_rubric_v1,band=90-100 strong; page_type=homepage; rank=3; strengths=deep_content|semantic_match|query_terms_covered|commercial_trust_signals|technical_seo_ok; risks=none
пластиковые окна Москва,https://oknober.ru/,0.0,expert_rubric_v1,builder_d32_rubric_v1,band=0-19 irrelevant_or_broken; page_type=homepage; rank=6; strengths=none; risks=thin_content|weak_semantic_match|low_keyword_coverage|weak_commercial_trust
пластиковые окна Нижний Новгород,https://akonta.ru/,87.4,expert_rubric_v1,builder_d32_rubric_v1,band=70-89 usable; page_type=homepage; rank=5; strengths=deep_content|semantic_match|query_terms_covered|commercial_trust_signals|technical_seo_ok; risks=none
пластиковые окна Нижний Новгород,https://profinn52.ru/,66.7,expert_rubric_v1,builder_d32_rubric_v1,band=50-69 partial; page_type=homepage; rank=6; strengths=semantic_match|query_terms_covered; risks=none
пластиковые окна Новосибирск,https://novosibirsk.fabrikauyuta.ru/,87.3,expert_rubric_v1,builder_d32_rubric_v1,band=70-89 usable; page_type=homepage; rank=5; strengths=deep_content|semantic_match|query_terms_covered|commercial_trust_signals|technical_seo_ok; risks=none
пластиковые окна Новосибирск,https://orgzz.ru/novosibirsk/plastikovye_okna/district/centralnyy,65.7,expert_rubric_v1,builder_d32_rubric_v1,band=50-69 partial; page_type=content; rank=9; strengths=semantic_match|query_terms_covered|technical_seo_ok; risks=none
пластиковые окна Самара,https://samara.delaem-okna.ru/,90.6,expert_rubric_v1,builder_d32_rubric_v1,band=90-100 strong; page_type=homepage; rank=6; strengths=deep_content|semantic_match|query_terms_covered|commercial_trust_signals|technical_seo_ok; risks=none
пластиковые окна Самара,https://www.avito.ru/samara/remont_i_stroitelstvo/plastikovye_okna_8099668986,0.0,expert_rubric_v1,builder_d32_rubric_v1,band=0-19 irrelevant_or_broken; page_type=content; rank=9; strengths=none; risks=thin_content|weak_semantic_match|low_keyword_coverage|weak_commercial_trust
пластиковые окна Санкт-Петербург,https://okna-centre.ru/,88.8,expert_rubric_v1,builder_d32_rubric_v1,band=70-89 usable; page_type=homepage; rank=5; strengths=deep_content|semantic_match|query_terms_covered|commercial_trust_signals|technical_seo_ok; risks=none
пластиковые окна Санкт-Петербург,https://spb.oknafactoria.ru/,0.0,expert_rubric_v1,builder_d32_rubric_v1,band=0-19 irrelevant_or_broken; page_type=homepage; rank=7; strengths=none; risks=thin_content|weak_semantic_match|low_keyword_coverage|weak_commercial_trust
пластиковые окна отзывы,https://otzovikon.com/subject/188/plastikovye-okna,88.7,expert_rubric_v1,builder_d32_rubric_v1,band=70-89 usable; page_type=content; rank=1; strengths=deep_content|semantic_match|query_terms_covered|commercial_trust_signals|technical_seo_ok; risks=none
пластиковые окна отзывы,https://kupiokno.ru/otziv,0.0,expert_rubric_v1,builder_d32_rubric_v1,band=0-19 irrelevant_or_broken; page_type=content; rank=4; strengths=technical_seo_ok; risks=thin_content|low_keyword_coverage|weak_commercial_trust
пластиковые окна цена Екатеринбург,https://oknazavr.ru/ekaterinburg/plastikovye-okna/,80.7,expert_rubric_v1,builder_d32_rubric_v1,band=70-89 usable; page_type=content; rank=1; strengths=deep_content|semantic_match|query_terms_covered|technical_seo_ok; risks=none
пластиковые окна цена Екатеринбург,https://svoiokna96.ru/,68.5,expert_rubric_v1,builder_d32_rubric_v1,band=50-69 partial; page_type=homepage; rank=6; strengths=commercial_trust_signals|technical_seo_ok; risks=none
пластиковые окна цена Казань,https://plastikovye-okna-kazan.ru/,89.0,expert_rubric_v1,builder_d32_rubric_v1,band=70-89 usable; page_type=homepage; rank=1; strengths=deep_content|semantic_match|query_terms_covered|commercial_trust_signals|technical_seo_ok; risks=none
пластиковые окна цена Казань,https://vottakieokna.ru/,60.4,expert_rubric_v1,builder_d32_rubric_v1,band=50-69 partial; page_type=homepage; rank=2; strengths=commercial_trust_signals|technical_seo_ok; risks=none
пластиковые окна цена Краснодар,https://krasnodar.delaem-okna.ru/,88.4,expert_rubric_v1,builder_d32_rubric_v1,band=70-89 usable; page_type=homepage; rank=3; strengths=deep_content|semantic_match|query_terms_covered|commercial_trust_signals|technical_seo_ok; risks=none
пластиковые окна цена Краснодар,https://glas-okna.ru/plastikovye-okna/,69.5,expert_rubric_v1,builder_d32_rubric_v1,band=50-69 partial; page_type=content; rank=9; strengths=deep_content|commercial_trust_signals|technical_seo_ok; risks=none
пластиковые окна цена Москва,https://o-kno.ru/,89.7,expert_rubric_v1,builder_d32_rubric_v1,band=70-89 usable; page_type=homepage; rank=4; strengths=deep_content|semantic_match|query_terms_covered|technical_seo_ok; risks=none
пластиковые окна цена Москва,https://lemanapro.ru/catalogue/plastikovye-okna/,0.0,expert_rubric_v1,builder_d32_rubric_v1,band=0-19 irrelevant_or_broken; page_type=product; rank=2; strengths=none; risks=thin_content|weak_semantic_match|low_keyword_coverage|weak_commercial_trust
пластиковые окна цена Нижний Новгород,https://akonta.ru/,86.5,expert_rubric_v1,builder_d32_rubric_v1,band=70-89 usable; page_type=homepage; rank=5; strengths=deep_content|semantic_match|query_terms_covered|commercial_trust_signals|technical_seo_ok; risks=none
пластиковые окна цена Нижний Новгород,https://prizma-okna.ru/,73.4,expert_rubric_v1,builder_d32_rubric_v1,band=70-89 usable; page_type=homepage; rank=10; strengths=deep_content|query_terms_covered|commercial_trust_signals|technical_seo_ok; risks=none
пластиковые окна цена Новосибирск,https://r-okna.com/,87.1,expert_rubric_v1,builder_d32_rubric_v1,band=70-89 usable; page_type=homepage; rank=4; strengths=deep_content|semantic_match|query_terms_covered|commercial_trust_signals|technical_seo_ok; risks=none
пластиковые окна цена Новосибирск,https://novosibirsk.lemanapro.ru/catalogue/plastikovye-okna/,0.0,expert_rubric_v1,builder_d32_rubric_v1,band=0-19 irrelevant_or_broken; page_type=product; rank=10; strengths=none; risks=thin_content|weak_semantic_match|low_keyword_coverage|weak_commercial_trust
пластиковые окна цена Самара,https://samara.delaem-okna.ru/,90.4,expert_rubric_v1,builder_d32_rubric_v1,band=90-100 strong; page_type=homepage; rank=8; strengths=deep_content|semantic_match|query_terms_covered|commercial_trust_signals|technical_seo_ok; risks=none
пластиковые окна цена Самара,https://www.avito.ru/samara/remont_i_stroitelstvo/plastikovye_okna_8099668986,0.0,expert_rubric_v1,builder_d32_rubric_v1,band=0-19 irrelevant_or_broken; page_type=content; rank=10; strengths=none; risks=thin_content|weak_semantic_match|low_keyword_coverage|weak_commercial_trust
пластиковые окна цена Санкт-Петербург,https://ostekleniespb.ru/,91.2,expert_rubric_v1,builder_d32_rubric_v1,band=90-100 strong; page_type=homepage; rank=10; strengths=deep_content|semantic_match|query_terms_covered|commercial_trust_signals|technical_seo_ok; risks=none
пластиковые окна цена Санкт-Петербург,https://spb.oknafactoria.ru/,0.0,expert_rubric_v1,builder_d32_rubric_v1,band=0-19 irrelevant_or_broken; page_type=homepage; rank=2; strengths=none; risks=thin_content|weak_semantic_match|low_keyword_coverage|weak_commercial_trust
ремонт квартир Екатеринбург,https://ekaterinburg.proff-remont.ru/,88.5,expert_rubric_v1,builder_d32_rubric_v1,band=70-89 usable; page_type=homepage; rank=8; strengths=deep_content|semantic_match|query_terms_covered|commercial_trust_signals|technical_seo_ok; risks=none
ремонт квартир Екатеринбург,https://www.avito.ru/ekaterinburg/predlozheniya_uslug/remont_i_otdelka/remont_kvartir_i_domov_pod_klyuch-ASgBAgICAkSYC8CfAcQVwPUB,0.0,expert_rubric_v1,builder_d32_rubric_v1,band=0-19 irrelevant_or_broken; page_type=content; rank=2; strengths=none; risks=thin_content|weak_semantic_match|low_keyword_coverage|weak_commercial_trust
ремонт квартир Казань,https://kazan.proff-remont.ru/,86.0,expert_rubric_v1,builder_d32_rubric_v1,band=70-89 usable; page_type=homepage; rank=3; strengths=deep_content|query_terms_covered|commercial_trust_signals|technical_seo_ok; risks=none
ремонт квартир Казань,https://www.avito.ru/kazan/predlozheniya_uslug/remont_i_otdelka/remont_kvartir_i_domov_pod_klyuch-ASgBAgICAkSYC8CfAcQVwPUB,0.0,expert_rubric_v1,builder_d32_rubric_v1,band=0-19 irrelevant_or_broken; page_type=content; rank=5; strengths=none; risks=thin_content|low_keyword_coverage|weak_commercial_trust
ремонт квартир Краснодар,https://uslugi.yandex.ru/35-krasnodar/category?text=ремонт+квартир,86.5,expert_rubric_v1,builder_d32_rubric_v1,band=70-89 usable; page_type=category; rank=2; strengths=deep_content|semantic_match|query_terms_covered|commercial_trust_signals|technical_seo_ok; risks=none
ремонт квартир Краснодар,https://vc.ru/life/2874800-kompanii-po-remontu-kvartir-v-krasnodare,74.1,expert_rubric_v1,builder_d32_rubric_v1,band=70-89 usable; page_type=content; rank=4; strengths=deep_content|commercial_trust_signals|technical_seo_ok; risks=none
ремонт квартир Нижний Новгород,https://nizhniy-novgorod.proff-remont.ru/,84.5,expert_rubric_v1,builder_d32_rubric_v1,band=70-89 usable; page_type=homepage; rank=1; strengths=deep_content|query_terms_covered|commercial_trust_signals|technical_seo_ok; risks=none
ремонт квартир Нижний Новгород,https://www.avito.ru/nizhniy_novgorod/predlozheniya_uslug?q=ремонт+квартир,0.0,expert_rubric_v1,builder_d32_rubric_v1,band=0-19 irrelevant_or_broken; page_type=content; rank=5; strengths=none; risks=thin_content|low_keyword_coverage|weak_commercial_trust
ремонт квартир Новосибирск,https://nsk.proff-remont.ru/,88.6,expert_rubric_v1,builder_d32_rubric_v1,band=70-89 usable; page_type=homepage; rank=5; strengths=deep_content|semantic_match|query_terms_covered|commercial_trust_signals|technical_seo_ok; risks=none
ремонт квартир Новосибирск,https://stroikaveka54.ru/,87.3,expert_rubric_v1,builder_d32_rubric_v1,band=70-89 usable; page_type=homepage; rank=1; strengths=deep_content|semantic_match|query_terms_covered|commercial_trust_signals|technical_seo_ok; risks=none
ремонт квартир Самара,https://samara.proff-remont.ru/,91.1,expert_rubric_v1,builder_d32_rubric_v1,band=90-100 strong; page_type=homepage; rank=3; strengths=deep_content|semantic_match|query_terms_covered|commercial_trust_signals|technical_seo_ok; risks=none
ремонт квартир Самара,https://www.avito.ru/samara/predlozheniya_uslug/remont_i_otdelka-ASgBAgICAUSYC8CfAQ,0.0,expert_rubric_v1,builder_d32_rubric_v1,band=0-19 irrelevant_or_broken; page_type=content; rank=1; strengths=none; risks=thin_content|weak_semantic_match|low_keyword_coverage|weak_commercial_trust
ремонт квартир Санкт-Петербург,https://art-a.ru/,87.6,expert_rubric_v1,builder_d32_rubric_v1,band=70-89 usable; page_type=homepage; rank=8; strengths=deep_content|semantic_match|query_terms_covered|commercial_trust_signals|technical_seo_ok; risks=none
ремонт квартир Санкт-Петербург,https://spb.remokey.ru/,72.0,expert_rubric_v1,builder_d32_rubric_v1,band=70-89 usable; page_type=homepage; rank=10; strengths=semantic_match|query_terms_covered|technical_seo_ok; risks=none
ремонт квартир цена Москва,https://titanremont.ru/price,85.6,expert_rubric_v1,builder_d32_rubric_v1,band=70-89 usable; page_type=content; rank=1; strengths=deep_content|semantic_match|query_terms_covered|commercial_trust_signals|technical_seo_ok; risks=none
ремонт квартир цена Москва,https://studia-remontov.ru/,0.0,expert_rubric_v1,builder_d32_rubric_v1,band=0-19 irrelevant_or_broken; page_type=homepage; rank=10; strengths=none; risks=thin_content|weak_semantic_match|low_keyword_coverage|weak_commercial_trust
ремонт квартир цена Санкт-Петербург,https://www.prorabneva.ru/price,84.9,expert_rubric_v1,builder_d32_rubric_v1,band=70-89 usable; page_type=content; rank=5; strengths=deep_content|semantic_match|query_terms_covered|commercial_trust_signals|technical_seo_ok; risks=none
ремонт квартир цена Санкт-Петербург,https://remont.spb.ru/,78.8,expert_rubric_v1,builder_d32_rubric_v1,band=70-89 usable; page_type=homepage; rank=1; strengths=deep_content|query_terms_covered|commercial_trust_signals|technical_seo_ok; risks=none
шкафы-купе Екатеринбург,https://kupeural.ru/,85.3,expert_rubric_v1,builder_d32_rubric_v1,band=70-89 usable; page_type=homepage; rank=2; strengths=deep_content|semantic_match|query_terms_covered|commercial_trust_signals|technical_seo_ok; risks=none
шкафы-купе Екатеринбург,https://ekaterinburg.lemanapro.ru/catalogue/shkafy-kupe/,0.0,expert_rubric_v1,builder_d32_rubric_v1,band=0-19 irrelevant_or_broken; page_type=product; rank=1; strengths=none; risks=thin_content|weak_semantic_match|low_keyword_coverage|weak_commercial_trust
шкафы-купе Казань,https://kazan.shkafy-moskva.ru/,83.6,expert_rubric_v1,builder_d32_rubric_v1,band=70-89 usable; page_type=homepage; rank=4; strengths=deep_content|query_terms_covered|commercial_trust_signals|technical_seo_ok; risks=none
шкафы-купе Казань,https://kazan.lemanapro.ru/catalogue/shkafy-kupe/,0.0,expert_rubric_v1,builder_d32_rubric_v1,band=0-19 irrelevant_or_broken; page_type=product; rank=1; strengths=none; risks=thin_content|weak_semantic_match|low_keyword_coverage|weak_commercial_trust
шкафы-купе Краснодар,https://mebelpik.ru/shop/shkafy-kupe/,80.0,expert_rubric_v1,builder_d32_rubric_v1,band=70-89 usable; page_type=product; rank=7; strengths=deep_content|query_terms_covered|commercial_trust_signals|technical_seo_ok; risks=none
шкафы-купе Краснодар,https://krasnodar.lemanapro.ru/catalogue/shkafy-kupe/,0.0,expert_rubric_v1,builder_d32_rubric_v1,band=0-19 irrelevant_or_broken; page_type=product; rank=1; strengths=none; risks=thin_content|weak_semantic_match|low_keyword_coverage|weak_commercial_trust
шкафы-купе Москва,https://good-mebel.com/category/shkafy-kupe/,88.8,expert_rubric_v1,builder_d32_rubric_v1,band=70-89 usable; page_type=category; rank=1; strengths=deep_content|semantic_match|query_terms_covered|commercial_trust_signals|technical_seo_ok; risks=none
шкафы-купе Москва,https://lemanapro.ru/catalogue/shkafy-kupe/,0.0,expert_rubric_v1,builder_d32_rubric_v1,band=0-19 irrelevant_or_broken; page_type=product; rank=4; strengths=none; risks=thin_content|weak_semantic_match|low_keyword_coverage|weak_commercial_trust
шкафы-купе Нижний Новгород,https://nizhnovgorod.aristo.ru/,81.2,expert_rubric_v1,builder_d32_rubric_v1,band=70-89 usable; page_type=homepage; rank=9; strengths=deep_content|query_terms_covered|commercial_trust_signals|technical_seo_ok; risks=none
шкафы-купе Нижний Новгород,https://sandi-nn.ru/,56.4,expert_rubric_v1,builder_d32_rubric_v1,band=50-69 partial; page_type=homepage; rank=4; strengths=query_terms_covered|technical_seo_ok; risks=none
шкафы-купе Новосибирск,https://mebelti.com/catalog/shkafy-kupe/,88.5,expert_rubric_v1,builder_d32_rubric_v1,band=70-89 usable; page_type=product; rank=5; strengths=deep_content|semantic_match|query_terms_covered|commercial_trust_signals|technical_seo_ok; risks=none
шкафы-купе Новосибирск,https://novosibirsk.lemanapro.ru/catalogue/shkafy-kupe/,0.0,expert_rubric_v1,builder_d32_rubric_v1,band=0-19 irrelevant_or_broken; page_type=product; rank=1; strengths=none; risks=thin_content|weak_semantic_match|low_keyword_coverage|weak_commercial_trust
шкафы-купе Самара,https://sam-mebel.ru/,79.0,expert_rubric_v1,builder_d32_rubric_v1,band=70-89 usable; page_type=homepage; rank=2; strengths=deep_content|query_terms_covered|technical_seo_ok; risks=none
шкафы-купе Самара,https://samara.lemanapro.ru/catalogue/shkafy-kupe/,0.0,expert_rubric_v1,builder_d32_rubric_v1,band=0-19 irrelevant_or_broken; page_type=product; rank=1; strengths=none; risks=thin_content|weak_semantic_match|low_keyword_coverage|weak_commercial_trust
шкафы-купе Санкт-Петербург,https://kupehouse.ru/,85.5,expert_rubric_v1,builder_d32_rubric_v1,band=70-89 usable; page_type=homepage; rank=1; strengths=deep_content|query_terms_covered|commercial_trust_signals|technical_seo_ok; risks=none
шкафы-купе Санкт-Петербург,https://spb.lazurit.com/catalog/668/shkafy-kupe/,0.0,expert_rubric_v1,builder_d32_rubric_v1,band=0-19 irrelevant_or_broken; page_type=product; rank=6; strengths=none; risks=thin_content|weak_semantic_match|low_keyword_coverage|weak_commercial_trust|technical_seo_risk
шкафы-купе отзывы,https://otzovik.com/reviews/shkaf-kupe_centr_shkafov-kupe/,84.5,expert_rubric_v1,builder_d32_rubric_v1,band=70-89 usable; page_type=content; rank=3; strengths=deep_content|semantic_match|query_terms_covered|technical_seo_ok; risks=none
шкафы-купе отзывы,https://2gis.ru/ekaterinburg/firm/70000001088861605/tab/reviews,0.0,expert_rubric_v1,builder_d32_rubric_v1,band=0-19 irrelevant_or_broken; page_type=content; rank=6; strengths=none; risks=thin_content|weak_semantic_match|low_keyword_coverage|weak_commercial_trust|technical_seo_risk
шкафы-купе цена Екатеринбург,https://kupi-kupe.ru/,82.8,expert_rubric_v1,builder_d32_rubric_v1,band=70-89 usable; page_type=homepage; rank=2; strengths=deep_content|query_terms_covered|commercial_trust_signals|technical_seo_ok; risks=none
шкафы-купе цена Екатеринбург,https://ekaterinburg.lemanapro.ru/catalogue/shkafy-kupe/,0.0,expert_rubric_v1,builder_d32_rubric_v1,band=0-19 irrelevant_or_broken; page_type=product; rank=1; strengths=none; risks=thin_content|weak_semantic_match|low_keyword_coverage|weak_commercial_trust
шкафы-купе цена Казань,https://kazan.good-mebel.com/category/shkafy-kupe/,84.1,expert_rubric_v1,builder_d32_rubric_v1,band=70-89 usable; page_type=category; rank=8; strengths=deep_content|query_terms_covered|commercial_trust_signals|technical_seo_ok; risks=none
шкафы-купе цена Казань,https://kazan.lemanapro.ru/catalogue/shkafy-kupe/,0.0,expert_rubric_v1,builder_d32_rubric_v1,band=0-19 irrelevant_or_broken; page_type=product; rank=1; strengths=none; risks=thin_content|weak_semantic_match|low_keyword_coverage|weak_commercial_trust
шкафы-купе цена Краснодар,https://mebelpik.ru/shop/shkafy-kupe/,79.4,expert_rubric_v1,builder_d32_rubric_v1,band=70-89 usable; page_type=product; rank=7; strengths=deep_content|query_terms_covered|commercial_trust_signals|technical_seo_ok; risks=none
шкафы-купе цена Краснодар,https://krasnodar.lemanapro.ru/catalogue/shkafy-kupe/,0.0,expert_rubric_v1,builder_d32_rubric_v1,band=0-19 irrelevant_or_broken; page_type=product; rank=1; strengths=none; risks=thin_content|weak_semantic_match|low_keyword_coverage|weak_commercial_trust
шкафы-купе цена Москва,https://good-mebel.com/category/shkafy-kupe/,91.8,expert_rubric_v1,builder_d32_rubric_v1,band=90-100 strong; page_type=category; rank=1; strengths=deep_content|semantic_match|query_terms_covered|commercial_trust_signals|technical_seo_ok; risks=none
шкафы-купе цена Москва,https://kupehouse.ru/moskva/,72.5,expert_rubric_v1,builder_d32_rubric_v1,band=70-89 usable; page_type=content; rank=6; strengths=deep_content|semantic_match|commercial_trust_signals|technical_seo_ok; risks=none
шкафы-купе цена Нижний Новгород,https://nizhnij-novgorod.good-mebel.com/category/shkafy-kupe/,82.0,expert_rubric_v1,builder_d32_rubric_v1,band=70-89 usable; page_type=category; rank=6; strengths=deep_content|query_terms_covered|commercial_trust_signals|technical_seo_ok; risks=none
шкафы-купе цена Нижний Новгород,https://www.avito.ru/nizhniy_novgorod?q=шкафы+купе,0.0,expert_rubric_v1,builder_d32_rubric_v1,band=0-19 irrelevant_or_broken; page_type=content; rank=2; strengths=none; risks=thin_content|weak_semantic_match|low_keyword_coverage|weak_commercial_trust
шкафы-купе цена Новосибирск,https://mebelti.com/catalog/shkafy-kupe/,85.3,expert_rubric_v1,builder_d32_rubric_v1,band=70-89 usable; page_type=product; rank=5; strengths=deep_content|query_terms_covered|commercial_trust_signals|technical_seo_ok; risks=none
шкафы-купе цена Новосибирск,https://novosibirsk.lemanapro.ru/catalogue/shkafy-kupe/,0.0,expert_rubric_v1,builder_d32_rubric_v1,band=0-19 irrelevant_or_broken; page_type=product; rank=1; strengths=none; risks=thin_content|weak_semantic_match|low_keyword_coverage|weak_commercial_trust
шкафы-купе цена Самара,https://samara.bestmebelshop.ru/catalog/shkafy-kupe/,83.1,expert_rubric_v1,builder_d32_rubric_v1,band=70-89 usable; page_type=product; rank=7; strengths=deep_content|query_terms_covered|commercial_trust_signals|technical_seo_ok; risks=none
шкафы-купе цена Самара,https://samara.lemanapro.ru/catalogue/shkafy-kupe/,0.0,expert_rubric_v1,builder_d32_rubric_v1,band=0-19 irrelevant_or_broken; page_type=product; rank=1; strengths=none; risks=thin_content|weak_semantic_match|low_keyword_coverage|weak_commercial_trust
шкафы-купе цена Санкт-Петербург,https://kupehouse.ru/,85.7,expert_rubric_v1,builder_d32_rubric_v1,band=70-89 usable; page_type=homepage; rank=1; strengths=deep_content|semantic_match|query_terms_covered|commercial_trust_signals|technical_seo_ok; risks=none
шкафы-купе цена Санкт-Петербург,https://spb.lemanapro.ru/catalogue/shkafy-kupe/,0.0,expert_rubric_v1,builder_d32_rubric_v1,band=0-19 irrelevant_or_broken; page_type=product; rank=7; strengths=none; risks=thin_content|weak_semantic_match|low_keyword_coverage|weak_commercial_trust
