query,category,intent,city,region_code,top_n,pages_to_scan
натяжные потолки Москва,натяжные потолки,commercial,Москва,213,10,2
натяжные потолки Санкт-Петербург,натяжные потолки,commercial,Санкт-Петербург,2,10,2
натяжные потолки Екатеринбург,натяжные потолки,commercial,Екатеринбург,54,10,2
натяжные потолки Новосибирск,натяжные потолки,commercial,Новосибирск,65,10,2
натяжные потолки Казань,натяжные потолки,commercial,Казань,43,10,2
натяжные потолки Краснодар,натяжные потолки,commercial,Краснодар,35,10,2
натяжные потолки Самара,натяжные потолки,commercial,Самара,51,10,2
натяжные потолки Нижний Новгород,натяжные потолки,commercial,Нижний Новгород,47,10,2
натяжные потолки цена Москва,натяжные потолки,commercial,Москва,213,10,2
натяжные потолки цена Санкт-Петербург,натяжные потолки,commercial,Санкт-Петербург,2,10,2
натяжные потолки цена Екатеринбург,натяжные потолки,commercial,Екатеринбург,54,10,2
натяжные потолки цена Новосибирск,натяжные потолки,commercial,Новосибирск,65,10,2
натяжные потолки цена Казань,натяжные потолки,commercial,Казань,43,10,2
натяжные потолки цена Краснодар,натяжные потолки,commercial,Краснодар,35,10,2
натяжные потолки цена Самара,натяжные потолки,commercial,Самара,51,10,2
натяжные потолки цена Нижний Новгород,натяжные потолки,commercial,Нижний Новгород,47,10,2
как выбрать натяжные потолки,натяжные потолки,informational,,,10,2
натяжные потолки отзывы,натяжные потолки,informational,,,10,2
пластиковые окна Москва,пластиковые окна,commercial,Москва,213,10,2
пластиковые окна Санкт-Петербург,пластиковые окна,commercial,Санкт-Петербург,2,10,2
пластиковые окна Екатеринбург,пластиковые окна,commercial,Екатеринбург,54,10,2
пластиковые окна Новосибирск,пластиковые окна,commercial,Новосибирск,65,10,2
пластиковые окна Казань,пластиковые окна,commercial,Казань,43,10,2
пластиковые окна Краснодар,пластиковые окна,commercial,Краснодар,35,10,2
пластиковые окна Самара,пластиковые окна,commercial,Самара,51,10,2
пластиковые окна Нижний Новгород,пластиковые окна,commercial,Нижний Новгород,47,10,2
пластиковые окна цена Москва,пластиковые окна,commercial,Москва,213,10,2
пластиковые окна цена Санкт-Петербург,пластиковые окна,commercial,Санкт-Петербург,2,10,2
пластиковые окна цена Екатеринбург,пластиковые окна,commercial,Екатеринбург,54,10,2
пластиковые окна цена Новосибирск,пластиковые окна,commercial,Новосибирск,65,10,2
пластиковые окна цена Казань,пластиковые окна,commercial,Казань,43,10,2
пластиковые окна цена Краснодар,пластиковые окна,commercial,Краснодар,35,10,2
пластиковые окна цена Самара,пластиковые окна,commercial,Самара,51,10,2
пластиковые окна цена Нижний Новгород,пластиковые окна,commercial,Нижний Новгород,47,10,2
как выбрать пластиковые окна,пластиковые окна,informational,,,10,2
пластиковые окна отзывы,пластиковые окна,informational,,,10,2
входные двери Москва,входные двери,commercial,Москва,213,10,2
входные двери Санкт-Петербург,входные двери,commercial,Санкт-Петербург,2,10,2
входные двери Екатеринбург,входные двери,commercial,Екатеринбург,54,10,2
входные двери Новосибирск,входные двери,commercial,Новосибирск,65,10,2
входные двери Казань,входные двери,commercial,Казань,43,10,2
входные двери Краснодар,входные двери,commercial,Краснодар,35,10,2
входные двери Самара,входные двери,commercial,Самара,51,10,2
входные двери Нижний Новгород,входные двери,commercial,Нижний Новгород,47,10,2
входные двери цена Москва,входные двери,commercial,Москва,213,10,2
входные двери цена Санкт-Петербург,входные двери,commercial,Санкт-Петербург,2,10,2
входные двери цена Екатеринбург,входные двери,commercial,Екатеринбург,54,10,2
входные двери цена Новосибирск,входные двери,commercial,Новосибирск,65,10,2
входные двери цена Казань,входные двери,commercial,Казань,43,10,2
входные двери цена Краснодар,входные двери,commercial,Краснодар,35,10,2
входные двери цена Самара,входные двери,commercial,Самара,51,10,2
входные двери цена Нижний Новгород,входные двери,commercial,Нижний Новгород,47,10,2
как выбрать входные двери,входные двери,informational,,,10,2
входные двери отзывы,входные двери,informational,,,10,2
кухни на заказ Москва,кухни на заказ,commercial,Москва,213,10,2
кухни на заказ Санкт-Петербург,кухни на заказ,commercial,Санкт-Петербург,2,10,2
кухни на заказ Екатеринбург,кухни на заказ,commercial,Екатеринбург,54,10,2
кухни на заказ Новосибирск,кухни на заказ,commercial,Новосибирск,65,10,2
кухни на заказ Казань,кухни на заказ,commercial,Казань,43,10,2
кухни на заказ Краснодар,кухни на заказ,commercial,Краснодар,35,10,2
кухни на заказ Самара,кухни на заказ,commercial,Самара,51,10,2
кухни на заказ Нижний Новгород,кухни на заказ,commercial,Нижний Новгород,47,10,2
кухни на заказ цена Москва,кухни на заказ,commercial,Москва,213,10,2
кухни на заказ цена Санкт-Петербург,кухни на заказ,commercial,Санкт-Петербург,2,10,2
кухни на заказ цена Екатеринбург,кухни на заказ,commercial,Екатеринбург,54,10,2
кухни на заказ цена Новосибирск,кухни на заказ,commercial,Новосибирск,65,10,2
кухни на заказ цена Казань,кухни на заказ,commercial,Казань,43,10,2
кухни на заказ цена Краснодар,кухни на заказ,commercial,Краснодар,35,10,2
кухни на заказ цена Самара,кухни на заказ,commercial,Самара,51,10,2
кухни на заказ цена Нижний Новгород,кухни на заказ,commercial,Нижний Новгород,47,10,2
как выбрать кухни на заказ,кухни на заказ,informational,,,10,2
кухни на заказ отзывы,кухни на заказ,informational,,,10,2
шкафы-купе Москва,шкафы-купе,commercial,Москва,213,10,2
шкафы-купе Санкт-Петербург,шкафы-купе,commercial,Санкт-Петербург,2,10,2
шкафы-купе Екатеринбург,шкафы-купе,commercial,Екатеринбург,54,10,2
шкафы-купе Новосибирск,шкафы-купе,commercial,Новосибирск,65,10,2
шкафы-купе Казань,шкафы-купе,commercial,Казань,43,10,2
шкафы-купе Краснодар,шкафы-купе,commercial,Краснодар,35,10,2
шкафы-купе Самара,шкафы-купе,commercial,Самара,51,10,2
шкафы-купе Нижний Новгород,шкафы-купе,commercial,Нижний Новгород,47,10,2
шкафы-купе цена Москва,шкафы-купе,commercial,Москва,213,10,2
шкафы-купе цена Санкт-Петербург,шкафы-купе,commercial,Санкт-Петербург,2,10,2
шкафы-купе цена Екатеринбург,шкафы-купе,commercial,Екатеринбург,54,10,2
шкафы-купе цена Новосибирск,шкафы-купе,commercial,Новосибирск,65,10,2
шкафы-купе цена Казань,шкафы-купе,commercial,Казань,43,10,2
шкафы-купе цена Краснодар,шкафы-купе,commercial,Краснодар,35,10,2
шкафы-купе цена Самара,шкафы-купе,commercial,Самара,51,10,2
шкафы-купе цена Нижний Новгород,шкафы-купе,commercial,Нижний Новгород,47,10,2
как выбрать шкафы-купе,шкафы-купе,informational,,,10,2
шкафы-купе отзывы,шкафы-купе,informational,,,10,2
ремонт квартир Москва,ремонт квартир,commercial,Москва,213,10,2
ремонт квартир Санкт-Петербург,ремонт квартир,commercial,Санкт-Петербург,2,10,2
ремонт квартир Екатеринбург,ремонт квартир,commercial,Екатеринбург,54,10,2
ремонт квартир Новосибирск,ремонт квартир,commercial,Новосибирск,65,10,2
ремонт квартир Казань,ремонт квартир,commercial,Казань,43,10,2
ремонт квартир Краснодар,ремонт квартир,commercial,Краснодар,35,10,2
ремонт квартир Самара,ремонт квартир,commercial,Самара,51,10,2
ремонт квартир Нижний Новгород,ремонт квартир,commercial,Нижний Новгород,47,10,2
ремонт квартир цена Москва,ремонт квартир,commercial,Москва,213,10,2
ремонт квартир цена Санкт-Петербург,ремонт квартир,commercial,Санкт-Петербург,2,10,2
ремонт квартир цена Екатеринбург,ремонт квартир,commercial,Екатеринбург,54,10,2
ремонт квартир цена Новосибирск,ремонт квартир,commercial,Новосибирск,65,10,2
ремонт квартир цена Казань,ремонт квартир,commercial,Казань,43,10,2
ремонт квартир цена Краснодар,ремонт квартир,commercial,Краснодар,35,10,2
ремонт квартир цена Самара,ремонт квартир,commercial,Самара,51,10,2
ремонт квартир цена Нижний Новгород,ремонт квартир,commercial,Нижний Новгород,47,10,2
как выбрать ремонт квартир,ремонт квартир,informational,,,10,2
ремонт квартир отзывы,ремонт квартир,informational,,,10,2
дизайн интерьера Москва,дизайн интерьера,commercial,Москва,213,10,2
дизайн интерьера Санкт-Петербург,дизайн интерьера,commercial,Санкт-Петербург,2,10,2
дизайн интерьера Екатеринбург,дизайн интерьера,commercial,Екатеринбург,54,10,2
дизайн интерьера Новосибирск,дизайн интерьера,commercial,Новосибирск,65,10,2
дизайн интерьера Казань,дизайн интерьера,commercial,Казань,43,10,2
дизайн интерьера Краснодар,дизайн интерьера,commercial,Краснодар,35,10,2
дизайн интерьера Самара,дизайн интерьера,commercial,Самара,51,10,2
дизайн интерьера Нижний Новгород,дизайн интерьера,commercial,Нижний Новгород,47,10,2
дизайн интерьера цена Москва,дизайн интерьера,commercial,Москва,213,10,2
дизайн интерьера цена Санкт-Петербург,дизайн интерьера,commercial,Санкт-Петербург,2,10,2
дизайн интерьера цена Екатеринбург,дизайн интерьера,commercial,Екатеринбург,54,10,2
дизайн интерьера цена Новосибирск,дизайн интерьера,commercial,Новосибирск,65,10,2
дизайн интерьера цена Казань,дизайн интерьера,commercial,Казань,43,10,2
дизайн интерьера цена Краснодар,дизайн интерьера,commercial,Краснодар,35,10,2
дизайн интерьера цена Самара,дизайн интерьера,commercial,Самара,51,10,2
дизайн интерьера цена Нижний Новгород,дизайн интерьера,commercial,Нижний Новгород,47,10,2
как выбрать дизайн интерьера,дизайн интерьера,informational,,,10,2
дизайн интерьера отзывы,дизайн интерьера,informational,,,10,2
стоматология имплантация Москва,стоматология имплантация,commercial,Москва,213,10,2
стоматология имплантация Санкт-Петербург,стоматология имплантация,commercial,Санкт-Петербург,2,10,2
стоматология имплантация Екатеринбург,стоматология имплантация,commercial,Екатеринбург,54,10,2
стоматология имплантация Новосибирск,стоматология имплантация,commercial,Новосибирск,65,10,2
стоматология имплантация Казань,стоматология имплантация,commercial,Казань,43,10,2
стоматология имплантация Краснодар,стоматология имплантация,commercial,Краснодар,35,10,2
стоматология имплантация Самара,стоматология имплантация,commercial,Самара,51,10,2
стоматология имплантация Нижний Новгород,стоматология имплантация,commercial,Нижний Новгород,47,10,2
стоматология имплантация цена Москва,стоматология имплантация,commercial,Москва,213,10,2
стоматология имплантация цена Санкт-Петербург,стоматология имплантация,commercial,Санкт-Петербург,2,10,2
стоматология имплантация цена Екатеринбург,стоматология имплантация,commercial,Екатеринбург,54,10,2
стоматология имплантация цена Новосибирск,стоматология имплантация,commercial,Новосибирск,65,10,2
стоматология имплантация цена Казань,стоматология имплантация,commercial,Казань,43,10,2
стоматология имплантация цена Краснодар,стоматология имплантация,commercial,Краснодар,35,10,2
стоматология имплантация цена Самара,стоматология имплантация,commercial,Самара,51,10,2
стоматология имплантация цена Нижний Новгород,стоматология имплантация,commercial,Нижний Новгород,47,10,2
как выбрать стоматология имплантация,стоматология имплантация,informational,,,10,2
стоматология имплантация отзывы,стоматология имплантация,informational,,,10,2
стоматология брекеты Москва,стоматология брекеты,commercial,Москва,213,10,2
стоматология брекеты Санкт-Петербург,стоматология брекеты,commercial,Санкт-Петербург,2,10,2
стоматология брекеты Екатеринбург,стоматология брекеты,commercial,Екатеринбург,54,10,2
стоматология брекеты Новосибирск,стоматология брекеты,commercial,Новосибирск,65,10,2
стоматология брекеты Казань,стоматология брекеты,commercial,Казань,43,10,2
стоматология брекеты Краснодар,стоматология брекеты,commercial,Краснодар,35,10,2
стоматология брекеты Самара,стоматология брекеты,commercial,Самара,51,10,2
стоматология брекеты Нижний Новгород,стоматология брекеты,commercial,Нижний Новгород,47,10,2
стоматология брекеты цена Москва,стоматология брекеты,commercial,Москва,213,10,2
стоматология брекеты цена Санкт-Петербург,стоматология брекеты,commercial,Санкт-Петербург,2,10,2
стоматология брекеты цена Екатеринбург,стоматология брекеты,commercial,Екатеринбург,54,10,2
стоматология брекеты цена Новосибирск,стоматология брекеты,commercial,Новосибирск,65,10,2
стоматология брекеты цена Казань,стоматология брекеты,commercial,Казань,43,10,2
стоматология брекеты цена Краснодар,стоматология брекеты,commercial,Краснодар,35,10,2
стоматология брекеты цена Самара,стоматология брекеты,commercial,Самара,51,10,2
стоматология брекеты цена Нижний Новгород,стоматология брекеты,commercial,Нижний Новгород,47,10,2
как выбрать стоматология брекеты,стоматология брекеты,informational,,,10,2
стоматология брекеты отзывы,стоматология брекеты,informational,,,10,2
банкротство физических лиц Москва,банкротство физических лиц,commercial,Москва,213,10,2
банкротство физических лиц Санкт-Петербург,банкротство физических лиц,commercial,Санкт-Петербург,2,10,2
банкротство физических лиц Екатеринбург,банкротство физических лиц,commercial,Екатеринбург,54,10,2
банкротство физических лиц Новосибирск,банкротство физических лиц,commercial,Новосибирск,65,10,2
банкротство физических лиц Казань,банкротство физических лиц,commercial,Казань,43,10,2
банкротство физических лиц Краснодар,банкротство физических лиц,commercial,Краснодар,35,10,2
банкротство физических лиц Самара,банкротство физических лиц,commercial,Самара,51,10,2
банкротство физических лиц Нижний Новгород,банкротство физических лиц,commercial,Нижний Новгород,47,10,2
банкротство физических лиц цена Москва,банкротство физических лиц,commercial,Москва,213,10,2
банкротство физических лиц цена Санкт-Петербург,банкротство физических лиц,commercial,Санкт-Петербург,2,10,2
банкротство физических лиц цена Екатеринбург,банкротство физических лиц,commercial,Екатеринбург,54,10,2
банкротство физических лиц цена Новосибирск,банкротство физических лиц,commercial,Новосибирск,65,10,2
банкротство физических лиц цена Казань,банкротство физических лиц,commercial,Казань,43,10,2
банкротство физических лиц цена Краснодар,банкротство физических лиц,commercial,Краснодар,35,10,2
банкротство физических лиц цена Самара,банкротство физических лиц,commercial,Самара,51,10,2
банкротство физических лиц цена Нижний Новгород,банкротство физических лиц,commercial,Нижний Новгород,47,10,2
как выбрать банкротство физических лиц,банкротство физических лиц,informational,,,10,2
банкротство физических лиц отзывы,банкротство физических лиц,informational,,,10,2
юридические услуги Москва,юридические услуги,commercial,Москва,213,10,2
юридические услуги Санкт-Петербург,юридические услуги,commercial,Санкт-Петербург,2,10,2
юридические услуги Екатеринбург,юридические услуги,commercial,Екатеринбург,54,10,2
юридические услуги Новосибирск,юридические услуги,commercial,Новосибирск,65,10,2
юридические услуги Казань,юридические услуги,commercial,Казань,43,10,2
юридические услуги Краснодар,юридические услуги,commercial,Краснодар,35,10,2
юридические услуги Самара,юридические услуги,commercial,Самара,51,10,2
юридические услуги Нижний Новгород,юридические услуги,commercial,Нижний Новгород,47,10,2
юридические услуги цена Москва,юридические услуги,commercial,Москва,213,10,2
юридические услуги цена Санкт-Петербург,юридические услуги,commercial,Санкт-Петербург,2,10,2
юридические услуги цена Екатеринбург,юридические услуги,commercial,Екатеринбург,54,10,2
юридические услуги цена Новосибирск,юридические услуги,commercial,Новосибирск,65,10,2
юридические услуги цена Казань,юридические услуги,commercial,Казань,43,10,2
юридические услуги цена Краснодар,юридические услуги,commercial,Краснодар,35,10,2
юридические услуги цена Самара,юридические услуги,commercial,Самара,51,10,2
юридические услуги цена Нижний Новгород,юридические услуги,commercial,Нижний Новгород,47,10,2
как выбрать юридические услуги,юридические услуги,informational,,,10,2
юридические услуги отзывы,юридические услуги,informational,,,10,2
бухгалтерские услуги Москва,бухгалтерские услуги,commercial,Москва,213,10,2
бухгалтерские услуги Санкт-Петербург,бухгалтерские услуги,commercial,Санкт-Петербург,2,10,2
бухгалтерские услуги Екатеринбург,бухгалтерские услуги,commercial,Екатеринбург,54,10,2
бухгалтерские услуги Новосибирск,бухгалтерские услуги,commercial,Новосибирск,65,10,2
бухгалтерские услуги Казань,бухгалтерские услуги,commercial,Казань,43,10,2
бухгалтерские услуги Краснодар,бухгалтерские услуги,commercial,Краснодар,35,10,2
бухгалтерские услуги Самара,бухгалтерские услуги,commercial,Самара,51,10,2
бухгалтерские услуги Нижний Новгород,бухгалтерские услуги,commercial,Нижний Новгород,47,10,2
бухгалтерские услуги цена Москва,бухгалтерские услуги,commercial,Москва,213,10,2
бухгалтерские услуги цена Санкт-Петербург,бухгалтерские услуги,commercial,Санкт-Петербург,2,10,2
бухгалтерские услуги цена Екатеринбург,бухгалтерские услуги,commercial,Екатеринбург,54,10,2
бухгалтерские услуги цена Новосибирск,бухгалтерские услуги,commercial,Новосибирск,65,10,2
бухгалтерские услуги цена Казань,бухгалтерские услуги,commercial,Казань,43,10,2
бухгалтерские услуги цена Краснодар,бухгалтерские услуги,commercial,Краснодар,35,10,2
бухгалтерские услуги цена Самара,бухгалтерские услуги,commercial,Самара,51,10,2
бухгалтерские услуги цена Нижний Новгород,бухгалтерские услуги,commercial,Нижний Новгород,47,10,2
как выбрать бухгалтерские услуги,бухгалтерские услуги,informational,,,10,2
бухгалтерские услуги отзывы,бухгалтерские услуги,informational,,,10,2
ведение бухгалтерии Москва,ведение бухгалтерии,commercial,Москва,213,10,2
ведение бухгалтерии Санкт-Петербург,ведение бухгалтерии,commercial,Санкт-Петербург,2,10,2
ведение бухгалтерии Екатеринбург,ведение бухгалтерии,commercial,Екатеринбург,54,10,2
ведение бухгалтерии Новосибирск,ведение бухгалтерии,commercial,Новосибирск,65,10,2
ведение бухгалтерии Казань,ведение бухгалтерии,commercial,Казань,43,10,2
ведение бухгалтерии Краснодар,ведение бухгалтерии,commercial,Краснодар,35,10,2
ведение бухгалтерии Самара,ведение бухгалтерии,commercial,Самара,51,10,2
ведение бухгалтерии Нижний Новгород,ведение бухгалтерии,commercial,Нижний Новгород,47,10,2
ведение бухгалтерии цена Москва,ведение бухгалтерии,commercial,Москва,213,10,2
ведение бухгалтерии цена Санкт-Петербург,ведение бухгалтерии,commercial,Санкт-Петербург,2,10,2
ведение бухгалтерии цена Екатеринбург,ведение бухгалтерии,commercial,Екатеринбург,54,10,2
ведение бухгалтерии цена Новосибирск,ведение бухгалтерии,commercial,Новосибирск,65,10,2
ведение бухгалтерии цена Казань,ведение бухгалтерии,commercial,Казань,43,10,2
ведение бухгалтерии цена Краснодар,ведение бухгалтерии,commercial,Краснодар,35,10,2
ведение бухгалтерии цена Самара,ведение бухгалтерии,commercial,Самара,51,10,2
ведение бухгалтерии цена Нижний Новгород,ведение бухгалтерии,commercial,Нижний Новгород,47,10,2
как выбрать ведение бухгалтерии,ведение бухгалтерии,informational,,,10,2
ведение бухгалтерии отзывы,ведение бухгалтерии,informational,,,10,2
грузоперевозки Москва,грузоперевозки,commercial,Москва,213,10,2
грузоперевозки Санкт-Петербург,грузоперевозки,commercial,Санкт-Петербург,2,10,2
грузоперевозки Екатеринбург,грузоперевозки,commercial,Екатеринбург,54,10,2
грузоперевозки Новосибирск,грузоперевозки,commercial,Новосибирск,65,10,2
грузоперевозки Казань,грузоперевозки,commercial,Казань,43,10,2
грузоперевозки Краснодар,грузоперевозки,commercial,Краснодар,35,10,2
грузоперевозки Самара,грузоперевозки,commercial,Самара,51,10,2
грузоперевозки Нижний Новгород,грузоперевозки,commercial,Нижний Новгород,47,10,2
грузоперевозки цена Москва,грузоперевозки,commercial,Москва,213,10,2
грузоперевозки цена Санкт-Петербург,грузоперевозки,commercial,Санкт-Петербург,2,10,2
грузоперевозки цена Екатеринбург,грузоперевозки,commercial,Екатеринбург,54,10,2
грузоперевозки цена Новосибирск,грузоперевозки,commercial,Новосибирск,65,10,2
грузоперевозки цена Казань,грузоперевозки,commercial,Казань,43,10,2
грузоперевозки цена Краснодар,грузоперевозки,commercial,Краснодар,35,10,2
грузоперевозки цена Самара,грузоперевозки,commercial,Самара,51,10,2
грузоперевозки цена Нижний Новгород,грузоперевозки,commercial,Нижний Новгород,47,10,2
как выбрать грузоперевозки,грузоперевозки,informational,,,10,2
грузоперевозки отзывы,грузоперевозки,informational,,,10,2
эвакуатор Москва,эвакуатор,commercial,Москва,213,10,2
эвакуатор Санкт-Петербург,эвакуатор,commercial,Санкт-Петербург,2,10,2
эвакуатор Екатеринбург,эвакуатор,commercial,Екатеринбург,54,10,2
эвакуатор Новосибирск,эвакуатор,commercial,Новосибирск,65,10,2
эвакуатор Казань,эвакуатор,commercial,Казань,43,10,2
эвакуатор Краснодар,эвакуатор,commercial,Краснодар,35,10,2
эвакуатор Самара,эвакуатор,commercial,Самара,51,10,2
эвакуатор Нижний Новгород,эвакуатор,commercial,Нижний Новгород,47,10,2
эвакуатор цена Москва,эвакуатор,commercial,Москва,213,10,2
эвакуатор цена Санкт-Петербург,эвакуатор,commercial,Санкт-Петербург,2,10,2
эвакуатор цена Екатеринбург,эвакуатор,commercial,Екатеринбург,54,10,2
эвакуатор цена Новосибирск,эвакуатор,commercial,Новосибирск,65,10,2
эвакуатор цена Казань,эвакуатор,commercial,Казань,43,10,2
эвакуатор цена Краснодар,эвакуатор,commercial,Краснодар,35,10,2
эвакуатор цена Самара,эвакуатор,commercial,Самара,51,10,2
эвакуатор цена Нижний Новгород,эвакуатор,commercial,Нижний Новгород,47,10,2
как выбрать эвакуатор,эвакуатор,informational,,,10,2
эвакуатор отзывы,эвакуатор,informational,,,10,2
уборка квартир Москва,уборка квартир,commercial,Москва,213,10,2
уборка квартир Санкт-Петербург,уборка квартир,commercial,Санкт-Петербург,2,10,2
уборка квартир Екатеринбург,уборка квартир,commercial,Екатеринбург,54,10,2
уборка квартир Новосибирск,уборка квартир,commercial,Новосибирск,65,10,2
уборка квартир Казань,уборка квартир,commercial,Казань,43,10,2
уборка квартир Краснодар,уборка квартир,commercial,Краснодар,35,10,2
уборка квартир Самара,уборка квартир,commercial,Самара,51,10,2
уборка квартир Нижний Новгород,уборка квартир,commercial,Нижний Новгород,47,10,2
уборка квартир цена Москва,уборка квартир,commercial,Москва,213,10,2
уборка квартир цена Санкт-Петербург,уборка квартир,commercial,Санкт-Петербург,2,10,2
уборка квартир цена Екатеринбург,уборка квартир,commercial,Екатеринбург,54,10,2
уборка квартир цена Новосибирск,уборка квартир,commercial,Новосибирск,65,10,2
уборка квартир цена Казань,уборка квартир,commercial,Казань,43,10,2
уборка квартир цена Краснодар,уборка квартир,commercial,Краснодар,35,10,2
уборка квартир цена Самара,уборка квартир,commercial,Самара,51,10,2
уборка квартир цена Нижний Новгород,уборка квартир,commercial,Нижний Новгород,47,10,2
как выбрать уборка квартир,уборка квартир,informational,,,10,2
уборка квартир отзывы,уборка квартир,informational,,,10,2
химчистка диванов Москва,химчистка диванов,commercial,Москва,213,10,2
химчистка диванов Санкт-Петербург,химчистка диванов,commercial,Санкт-Петербург,2,10,2
химчистка диванов Екатеринбург,химчистка диванов,commercial,Екатеринбург,54,10,2
химчистка диванов Новосибирск,химчистка диванов,commercial,Новосибирск,65,10,2
химчистка диванов Казань,химчистка диванов,commercial,Казань,43,10,2
химчистка диванов Краснодар,химчистка диванов,commercial,Краснодар,35,10,2
химчистка диванов Самара,химчистка диванов,commercial,Самара,51,10,2
химчистка диванов Нижний Новгород,химчистка диванов,commercial,Нижний Новгород,47,10,2
химчистка диванов цена Москва,химчистка диванов,commercial,Москва,213,10,2
химчистка диванов цена Санкт-Петербург,химчистка диванов,commercial,Санкт-Петербург,2,10,2
химчистка диванов цена Екатеринбург,химчистка диванов,commercial,Екатеринбург,54,10,2
химчистка диванов цена Новосибирск,химчистка диванов,commercial,Новосибирск,65,10,2
химчистка диванов цена Казань,химчистка диванов,commercial,Казань,43,10,2
химчистка диванов цена Краснодар,химчистка диванов,commercial,Краснодар,35,10,2
химчистка диванов цена Самара,химчистка диванов,commercial,Самара,51,10,2
химчистка диванов цена Нижний Новгород,химчистка диванов,commercial,Нижний Новгород,47,10,2
как выбрать химчистка диванов,химчистка диванов,informational,,,10,2
химчистка диванов отзывы,химчистка диванов,informational,,,10,2
установка кондиционеров Москва,установка кондиционеров,commercial,Москва,213,10,2
установка кондиционеров Санкт-Петербург,установка кондиционеров,commercial,Санкт-Петербург,2,10,2
установка кондиционеров Екатеринбург,установка кондиционеров,commercial,Екатеринбург,54,10,2
установка кондиционеров Новосибирск,установка кондиционеров,commercial,Новосибирск,65,10,2
установка кондиционеров Казань,установка кондиционеров,commercial,Казань,43,10,2
установка кондиционеров Краснодар,установка кондиционеров,commercial,Краснодар,35,10,2
установка кондиционеров Самара,установка кондиционеров,commercial,Самара,51,10,2
установка кондиционеров Нижний Новгород,установка кондиционеров,commercial,Нижний Новгород,47,10,2
установка кондиционеров цена Москва,установка кондиционеров,commercial,Москва,213,10,2
установка кондиционеров цена Санкт-Петербург,установка кондиционеров,commercial,Санкт-Петербург,2,10,2
установка кондиционеров цена Екатеринбург,установка кондиционеров,commercial,Екатеринбург,54,10,2
установка кондиционеров цена Новосибирск,установка кондиционеров,commercial,Новосибирск,65,10,2
установка кондиционеров цена Казань,установка кондиционеров,commercial,Казань,43,10,2
установка кондиционеров цена Краснодар,установка кондиционеров,commercial,Краснодар,35,10,2
установка кондиционеров цена Самара,установка кондиционеров,commercial,Самара,51,10,2
установка кондиционеров цена Нижний Новгород,установка кондиционеров,commercial,Нижний Новгород,47,10,2
как выбрать установка кондиционеров,установка кондиционеров,informational,,,10,2
установка кондиционеров отзывы,установка кондиционеров,informational,,,10,2
ремонт ноутбуков Москва,ремонт ноутбуков,commercial,Москва,213,10,2
ремонт ноутбуков Санкт-Петербург,ремонт ноутбуков,commercial,Санкт-Петербург,2,10,2
ремонт ноутбуков Екатеринбург,ремонт ноутбуков,commercial,Екатеринбург,54,10,2
ремонт ноутбуков Новосибирск,ремонт ноутбуков,commercial,Новосибирск,65,10,2
ремонт ноутбуков Казань,ремонт ноутбуков,commercial,Казань,43,10,2
ремонт ноутбуков Краснодар,ремонт ноутбуков,commercial,Краснодар,35,10,2
ремонт ноутбуков Самара,ремонт ноутбуков,commercial,Самара,51,10,2
ремонт ноутбуков Нижний Новгород,ремонт ноутбуков,commercial,Нижний Новгород,47,10,2
ремонт ноутбуков цена Москва,ремонт ноутбуков,commercial,Москва,213,10,2
ремонт ноутбуков цена Санкт-Петербург,ремонт ноутбуков,commercial,Санкт-Петербург,2,10,2
ремонт ноутбуков цена Екатеринбург,ремонт ноутбуков,commercial,Екатеринбург,54,10,2
ремонт ноутбуков цена Новосибирск,ремонт ноутбуков,commercial,Новосибирск,65,10,2
ремонт ноутбуков цена Казань,ремонт ноутбуков,commercial,Казань,43,10,2
ремонт ноутбуков цена Краснодар,ремонт ноутбуков,commercial,Краснодар,35,10,2
ремонт ноутбуков цена Самара,ремонт ноутбуков,commercial,Самара,51,10,2
ремонт ноутбуков цена Нижний Новгород,ремонт ноутбуков,commercial,Нижний Новгород,47,10,2
как выбрать ремонт ноутбуков,ремонт ноутбуков,informational,,,10,2
ремонт ноутбуков отзывы,ремонт ноутбуков,informational,,,10,2
создание сайтов Москва,создание сайтов,commercial,Москва,213,10,2
создание сайтов Санкт-Петербург,создание сайтов,commercial,Санкт-Петербург,2,10,2
создание сайтов Екатеринбург,создание сайтов,commercial,Екатеринбург,54,10,2
создание сайтов Новосибирск,создание сайтов,commercial,Новосибирск,65,10,2
создание сайтов Казань,создание сайтов,commercial,Казань,43,10,2
создание сайтов Краснодар,создание сайтов,commercial,Краснодар,35,10,2
создание сайтов Самара,создание сайтов,commercial,Самара,51,10,2
создание сайтов Нижний Новгород,создание сайтов,commercial,Нижний Новгород,47,10,2
создание сайтов цена Москва,создание сайтов,commercial,Москва,213,10,2
создание сайтов цена Санкт-Петербург,создание сайтов,commercial,Санкт-Петербург,2,10,2
создание сайтов цена Екатеринбург,создание сайтов,commercial,Екатеринбург,54,10,2
создание сайтов цена Новосибирск,создание сайтов,commercial,Новосибирск,65,10,2
создание сайтов цена Казань,создание сайтов,commercial,Казань,43,10,2
создание сайтов цена Краснодар,создание сайтов,commercial,Краснодар,35,10,2
создание сайтов цена Самара,создание сайтов,commercial,Самара,51,10,2
создание сайтов цена Нижний Новгород,создание сайтов,commercial,Нижний Новгород,47,10,2
как выбрать создание сайтов,создание сайтов,informational,,,10,2
создание сайтов отзывы,создание сайтов,informational,,,10,2
разработка интернет-магазина Москва,разработка интернет-магазина,commercial,Москва,213,10,2
разработка интернет-магазина Санкт-Петербург,разработка интернет-магазина,commercial,Санкт-Петербург,2,10,2
разработка интернет-магазина Екатеринбург,разработка интернет-магазина,commercial,Екатеринбург,54,10,2
разработка интернет-магазина Новосибирск,разработка интернет-магазина,commercial,Новосибирск,65,10,2
разработка интернет-магазина Казань,разработка интернет-магазина,commercial,Казань,43,10,2
разработка интернет-магазина Краснодар,разработка интернет-магазина,commercial,Краснодар,35,10,2
разработка интернет-магазина Самара,разработка интернет-магазина,commercial,Самара,51,10,2
разработка интернет-магазина Нижний Новгород,разработка интернет-магазина,commercial,Нижний Новгород,47,10,2
разработка интернет-магазина цена Москва,разработка интернет-магазина,commercial,Москва,213,10,2
разработка интернет-магазина цена Санкт-Петербург,разработка интернет-магазина,commercial,Санкт-Петербург,2,10,2
разработка интернет-магазина цена Екатеринбург,разработка интернет-магазина,commercial,Екатеринбург,54,10,2
разработка интернет-магазина цена Новосибирск,разработка интернет-магазина,commercial,Новосибирск,65,10,2
разработка интернет-магазина цена Казань,разработка интернет-магазина,commercial,Казань,43,10,2
разработка интернет-магазина цена Краснодар,разработка интернет-магазина,commercial,Краснодар,35,10,2
разработка интернет-магазина цена Самара,разработка интернет-магазина,commercial,Самара,51,10,2
разработка интернет-магазина цена Нижний Новгород,разработка интернет-магазина,commercial,Нижний Новгород,47,10,2
как выбрать разработка интернет-магазина,разработка интернет-магазина,informational,,,10,2
разработка интернет-магазина отзывы,разработка интернет-магазина,informational,,,10,2
seo продвижение Москва,seo продвижение,commercial,Москва,213,10,2
seo продвижение Санкт-Петербург,seo продвижение,commercial,Санкт-Петербург,2,10,2
seo продвижение Екатеринбург,seo продвижение,commercial,Екатеринбург,54,10,2
seo продвижение Новосибирск,seo продвижение,commercial,Новосибирск,65,10,2
seo продвижение Казань,seo продвижение,commercial,Казань,43,10,2
seo продвижение Краснодар,seo продвижение,commercial,Краснодар,35,10,2
seo продвижение Самара,seo продвижение,commercial,Самара,51,10,2
seo продвижение Нижний Новгород,seo продвижение,commercial,Нижний Новгород,47,10,2
seo продвижение цена Москва,seo продвижение,commercial,Москва,213,10,2
seo продвижение цена Санкт-Петербург,seo продвижение,commercial,Санкт-Петербург,2,10,2
seo продвижение цена Екатеринбург,seo продвижение,commercial,Екатеринбург,54,10,2
seo продвижение цена Новосибирск,seo продвижение,commercial,Новосибирск,65,10,2
seo продвижение цена Казань,seo продвижение,commercial,Казань,43,10,2
seo продвижение цена Краснодар,seo продвижение,commercial,Краснодар,35,10,2
seo продвижение цена Самара,seo продвижение,commercial,Самара,51,10,2
seo продвижение цена Нижний Новгород,seo продвижение,commercial,Нижний Новгород,47,10,2
как выбрать seo продвижение,seo продвижение,informational,,,10,2
seo продвижение отзывы,seo продвижение,informational,,,10,2
контекстная реклама Москва,контекстная реклама,commercial,Москва,213,10,2
контекстная реклама Санкт-Петербург,контекстная реклама,commercial,Санкт-Петербург,2,10,2
контекстная реклама Екатеринбург,контекстная реклама,commercial,Екатеринбург,54,10,2
контекстная реклама Новосибирск,контекстная реклама,commercial,Новосибирск,65,10,2
контекстная реклама Казань,контекстная реклама,commercial,Казань,43,10,2
контекстная реклама Краснодар,контекстная реклама,commercial,Краснодар,35,10,2
контекстная реклама Самара,контекстная реклама,commercial,Самара,51,10,2
контекстная реклама Нижний Новгород,контекстная реклама,commercial,Нижний Новгород,47,10,2
контекстная реклама цена Москва,контекстная реклама,commercial,Москва,213,10,2
контекстная реклама цена Санкт-Петербург,контекстная реклама,commercial,Санкт-Петербург,2,10,2
контекстная реклама цена Екатеринбург,контекстная реклама,commercial,Екатеринбург,54,10,2
контекстная реклама цена Новосибирск,контекстная реклама,commercial,Новосибирск,65,10,2
контекстная реклама цена Казань,контекстная реклама,commercial,Казань,43,10,2
контекстная реклама цена Краснодар,контекстная реклама,commercial,Краснодар,35,10,2
контекстная реклама цена Самара,контекстная реклама,commercial,Самара,51,10,2
контекстная реклама цена Нижний Новгород,контекстная реклама,commercial,Нижний Новгород,47,10,2
как выбрать контекстная реклама,контекстная реклама,informational,,,10,2
контекстная реклама отзывы,контекстная реклама,informational,,,10,2
лазерная эпиляция Москва,лазерная эпиляция,commercial,Москва,213,10,2
лазерная эпиляция Санкт-Петербург,лазерная эпиляция,commercial,Санкт-Петербург,2,10,2
лазерная эпиляция Екатеринбург,лазерная эпиляция,commercial,Екатеринбург,54,10,2
лазерная эпиляция Новосибирск,лазерная эпиляция,commercial,Новосибирск,65,10,2
лазерная эпиляция Казань,лазерная эпиляция,commercial,Казань,43,10,2
лазерная эпиляция Краснодар,лазерная эпиляция,commercial,Краснодар,35,10,2
лазерная эпиляция Самара,лазерная эпиляция,commercial,Самара,51,10,2
лазерная эпиляция Нижний Новгород,лазерная эпиляция,commercial,Нижний Новгород,47,10,2
лазерная эпиляция цена Москва,лазерная эпиляция,commercial,Москва,213,10,2
лазерная эпиляция цена Санкт-Петербург,лазерная эпиляция,commercial,Санкт-Петербург,2,10,2
лазерная эпиляция цена Екатеринбург,лазерная эпиляция,commercial,Екатеринбург,54,10,2
лазерная эпиляция цена Новосибирск,лазерная эпиляция,commercial,Новосибирск,65,10,2
лазерная эпиляция цена Казань,лазерная эпиляция,commercial,Казань,43,10,2
лазерная эпиляция цена Краснодар,лазерная эпиляция,commercial,Краснодар,35,10,2
лазерная эпиляция цена Самара,лазерная эпиляция,commercial,Самара,51,10,2
лазерная эпиляция цена Нижний Новгород,лазерная эпиляция,commercial,Нижний Новгород,47,10,2
как выбрать лазерная эпиляция,лазерная эпиляция,informational,,,10,2
лазерная эпиляция отзывы,лазерная эпиляция,informational,,,10,2
автосервис Москва,автосервис,commercial,Москва,213,10,2
автосервис Санкт-Петербург,автосервис,commercial,Санкт-Петербург,2,10,2
автосервис Екатеринбург,автосервис,commercial,Екатеринбург,54,10,2
автосервис Новосибирск,автосервис,commercial,Новосибирск,65,10,2
автосервис Казань,автосервис,commercial,Казань,43,10,2
автосервис Краснодар,автосервис,commercial,Краснодар,35,10,2
автосервис Самара,автосервис,commercial,Самара,51,10,2
автосервис Нижний Новгород,автосервис,commercial,Нижний Новгород,47,10,2
автосервис цена Москва,автосервис,commercial,Москва,213,10,2
автосервис цена Санкт-Петербург,автосервис,commercial,Санкт-Петербург,2,10,2
автосервис цена Екатеринбург,автосервис,commercial,Екатеринбург,54,10,2
автосервис цена Новосибирск,автосервис,commercial,Новосибирск,65,10,2
автосервис цена Казань,автосервис,commercial,Казань,43,10,2
автосервис цена Краснодар,автосервис,commercial,Краснодар,35,10,2
автосервис цена Самара,автосервис,commercial,Самара,51,10,2
автосервис цена Нижний Новгород,автосервис,commercial,Нижний Новгород,47,10,2
как выбрать автосервис,автосервис,informational,,,10,2
автосервис отзывы,автосервис,informational,,,10,2
