query,category,intent,city,region_code,top_n,pages_to_scan,target_topic,query_focus,positive_page_pattern,negative_page_traps
козловой кран купить,industrial_cranes,commercial,,,10,2,козловые краны и промышленное грузоподъемное оборудование,покупка козлового крана,посадочная или каталог про козловые краны с моделями характеристиками ценой или заявкой,винный магазин; ремонт квартир; общая главная без козловых кранов; статьи про птиц или строительные краны другого типа
козловой кран цена,industrial_cranes,commercial,,,10,2,козловые краны и промышленное грузоподъемное оборудование,цена козлового крана,посадочная или каталог про козловые краны с моделями характеристиками ценой или заявкой,винный магазин; ремонт квартир; общая главная без козловых кранов; статьи про птиц или строительные краны другого типа
козловые краны производитель,industrial_cranes,commercial,,,10,2,козловые краны и промышленное грузоподъемное оборудование,производитель козловых кранов,посадочная или каталог про козловые краны с моделями характеристиками ценой или заявкой,винный магазин; ремонт квартир; общая главная без козловых кранов; статьи про птиц или строительные краны другого типа
козловой кран 5 тонн купить,industrial_cranes,commercial,,,10,2,козловые краны и промышленное грузоподъемное оборудование,козловой кран грузоподъемностью 5 тонн,посадочная или каталог про козловые краны с моделями характеристиками ценой или заявкой,винный магазин; ремонт квартир; общая главная без козловых кранов; статьи про птиц или строительные краны другого типа
козловой кран 10 тонн цена,industrial_cranes,commercial,,,10,2,козловые краны и промышленное грузоподъемное оборудование,козловой кран грузоподъемностью 10 тонн,посадочная или каталог про козловые краны с моделями характеристиками ценой или заявкой,винный магазин; ремонт квартир; общая главная без козловых кранов; статьи про птиц или строительные краны другого типа
козловые краны для склада,industrial_cranes,commercial,,,10,2,козловые краны и промышленное грузоподъемное оборудование,складские козловые краны,посадочная или каталог про козловые краны с моделями характеристиками ценой или заявкой,винный магазин; ремонт квартир; общая главная без козловых кранов; статьи про птиц или строительные краны другого типа
заказать козловой кран с доставкой,industrial_cranes,commercial,,,10,2,козловые краны и промышленное грузоподъемное оборудование,заказ и доставка козлового крана,посадочная или каталог про козловые краны с моделями характеристиками ценой или заявкой,винный магазин; ремонт квартир; общая главная без козловых кранов; статьи про птиц или строительные краны другого типа
козловой кран бу купить,industrial_cranes,commercial,,,10,2,козловые краны и промышленное грузоподъемное оборудование,покупка б/у козлового крана,посадочная или каталог про козловые краны с моделями характеристиками ценой или заявкой,винный магазин; ремонт квартир; общая главная без козловых кранов; статьи про птиц или строительные краны другого типа
козловой кран монтаж,industrial_cranes,commercial,,,10,2,козловые краны и промышленное грузоподъемное оборудование,монтаж козлового крана,посадочная или каталог про козловые краны с моделями характеристиками ценой или заявкой,винный магазин; ремонт квартир; общая главная без козловых кранов; статьи про птиц или строительные краны другого типа
как выбрать козловой кран,industrial_cranes,informational,,,10,2,козловые краны и промышленное грузоподъемное оборудование,выбор козлового крана,посадочная или каталог про козловые краны с моделями характеристиками ценой или заявкой,винный магазин; ремонт квартир; общая главная без козловых кранов; статьи про птиц или строительные краны другого типа
ремонт квартир москва,apartment_renovation,commercial,Москва,213,10,2,ремонт квартир под ключ,ремонт квартир в Москве,страница услуги ремонта квартир с видами работ ценами портфолио сроками и заявкой,продажа квартир; мебельный магазин; блог без услуги; ремонт техники; строительные материалы без услуги ремонта
ремонт квартир под ключ цена,apartment_renovation,commercial,,,10,2,ремонт квартир под ключ,стоимость ремонта квартиры под ключ,страница услуги ремонта квартир с видами работ ценами портфолио сроками и заявкой,продажа квартир; мебельный магазин; блог без услуги; ремонт техники; строительные материалы без услуги ремонта
капитальный ремонт квартиры москва,apartment_renovation,commercial,Москва,213,10,2,ремонт квартир под ключ,капитальный ремонт квартиры,страница услуги ремонта квартир с видами работ ценами портфолио сроками и заявкой,продажа квартир; мебельный магазин; блог без услуги; ремонт техники; строительные материалы без услуги ремонта
дизайнерский ремонт квартиры,apartment_renovation,commercial,,,10,2,ремонт квартир под ключ,дизайнерский ремонт квартиры,страница услуги ремонта квартир с видами работ ценами портфолио сроками и заявкой,продажа квартир; мебельный магазин; блог без услуги; ремонт техники; строительные материалы без услуги ремонта
ремонт однокомнатной квартиры цена,apartment_renovation,commercial,,,10,2,ремонт квартир под ключ,ремонт однокомнатной квартиры,страница услуги ремонта квартир с видами работ ценами портфолио сроками и заявкой,продажа квартир; мебельный магазин; блог без услуги; ремонт техники; строительные материалы без услуги ремонта
ремонт квартиры в новостройке,apartment_renovation,commercial,,,10,2,ремонт квартир под ключ,ремонт квартиры в новостройке,страница услуги ремонта квартир с видами работ ценами портфолио сроками и заявкой,продажа квартир; мебельный магазин; блог без услуги; ремонт техники; строительные материалы без услуги ремонта
ремонт ванной комнаты под ключ,apartment_renovation,commercial,,,10,2,ремонт квартир под ключ,ремонт ванной комнаты,страница услуги ремонта квартир с видами работ ценами портфолио сроками и заявкой,продажа квартир; мебельный магазин; блог без услуги; ремонт техники; строительные материалы без услуги ремонта
бригада для ремонта квартиры,apartment_renovation,commercial,,,10,2,ремонт квартир под ключ,бригада ремонта квартиры,страница услуги ремонта квартир с видами работ ценами портфолио сроками и заявкой,продажа квартир; мебельный магазин; блог без услуги; ремонт техники; строительные материалы без услуги ремонта
ремонт квартир отзывы,apartment_renovation,comparison,,,10,2,ремонт квартир под ключ,отзывы о ремонте квартир,страница услуги ремонта квартир с видами работ ценами портфолио сроками и заявкой,продажа квартир; мебельный магазин; блог без услуги; ремонт техники; строительные материалы без услуги ремонта
как выбрать компанию по ремонту квартир,apartment_renovation,informational,,,10,2,ремонт квартир под ключ,выбор ремонтной компании,страница услуги ремонта квартир с видами работ ценами портфолио сроками и заявкой,продажа квартир; мебельный магазин; блог без услуги; ремонт техники; строительные материалы без услуги ремонта
натяжные потолки москва,stretch_ceilings,commercial,Москва,213,10,2,натяжные потолки,натяжные потолки в Москве,страница установки натяжных потолков с материалами расчетом стоимости примерами и замером,ремонт крыши; светильники без потолков; потолочная плитка; общая отделка без натяжных потолков
натяжной потолок цена за м2,stretch_ceilings,commercial,,,10,2,натяжные потолки,цена натяжного потолка за квадратный метр,страница установки натяжных потолков с материалами расчетом стоимости примерами и замером,ремонт крыши; светильники без потолков; потолочная плитка; общая отделка без натяжных потолков
матовые натяжные потолки купить,stretch_ceilings,commercial,,,10,2,натяжные потолки,матовые натяжные потолки,страница установки натяжных потолков с материалами расчетом стоимости примерами и замером,ремонт крыши; светильники без потолков; потолочная плитка; общая отделка без натяжных потолков
натяжной потолок с подсветкой,stretch_ceilings,commercial,,,10,2,натяжные потолки,натяжной потолок с подсветкой,страница установки натяжных потолков с материалами расчетом стоимости примерами и замером,ремонт крыши; светильники без потолков; потолочная плитка; общая отделка без натяжных потолков
установка натяжных потолков,stretch_ceilings,commercial,,,10,2,натяжные потолки,установка натяжных потолков,страница установки натяжных потолков с материалами расчетом стоимости примерами и замером,ремонт крыши; светильники без потолков; потолочная плитка; общая отделка без натяжных потолков
двухуровневые натяжные потолки,stretch_ceilings,commercial,,,10,2,натяжные потолки,двухуровневые натяжные потолки,страница установки натяжных потолков с материалами расчетом стоимости примерами и замером,ремонт крыши; светильники без потолков; потолочная плитка; общая отделка без натяжных потолков
натяжной потолок в ванную,stretch_ceilings,commercial,,,10,2,натяжные потолки,натяжной потолок для ванной,страница установки натяжных потолков с материалами расчетом стоимости примерами и замером,ремонт крыши; светильники без потолков; потолочная плитка; общая отделка без натяжных потолков
замер натяжного потолка бесплатно,stretch_ceilings,commercial,,,10,2,натяжные потолки,замер для натяжного потолка,страница установки натяжных потолков с материалами расчетом стоимости примерами и замером,ремонт крыши; светильники без потолков; потолочная плитка; общая отделка без натяжных потолков
натяжные потолки отзывы,stretch_ceilings,comparison,,,10,2,натяжные потолки,отзывы о натяжных потолках,страница установки натяжных потолков с материалами расчетом стоимости примерами и замером,ремонт крыши; светильники без потолков; потолочная плитка; общая отделка без натяжных потолков
какой натяжной потолок выбрать,stretch_ceilings,informational,,,10,2,натяжные потолки,выбор натяжного потолка,страница установки натяжных потолков с материалами расчетом стоимости примерами и замером,ремонт крыши; светильники без потолков; потолочная плитка; общая отделка без натяжных потолков
пластиковые окна москва,plastic_windows,commercial,Москва,213,10,2,пластиковые окна и остекление,пластиковые окна в Москве,страница продажи или установки пластиковых окон с профилями размерами ценой замером и монтажом,операционная система Windows; шторы; стеклорезка без окон; ремонт квартир без окон
купить пластиковые окна,plastic_windows,commercial,,,10,2,пластиковые окна и остекление,покупка пластиковых окон,страница продажи или установки пластиковых окон с профилями размерами ценой замером и монтажом,операционная система Windows; шторы; стеклорезка без окон; ремонт квартир без окон
пластиковые окна цена с установкой,plastic_windows,commercial,,,10,2,пластиковые окна и остекление,цена окон с установкой,страница продажи или установки пластиковых окон с профилями размерами ценой замером и монтажом,операционная система Windows; шторы; стеклорезка без окон; ремонт квартир без окон
окна пвх на балкон,plastic_windows,commercial,,,10,2,пластиковые окна и остекление,окна ПВХ для балкона,страница продажи или установки пластиковых окон с профилями размерами ценой замером и монтажом,операционная система Windows; шторы; стеклорезка без окон; ремонт квартир без окон
остекление лоджии цена,plastic_windows,commercial,,,10,2,пластиковые окна и остекление,остекление лоджии,страница продажи или установки пластиковых окон с профилями размерами ценой замером и монтажом,операционная система Windows; шторы; стеклорезка без окон; ремонт квартир без окон
замена пластиковых окон,plastic_windows,commercial,,,10,2,пластиковые окна и остекление,замена пластиковых окон,страница продажи или установки пластиковых окон с профилями размерами ценой замером и монтажом,операционная система Windows; шторы; стеклорезка без окон; ремонт квартир без окон
энергосберегающие окна пвх,plastic_windows,commercial,,,10,2,пластиковые окна и остекление,энергосберегающие окна,страница продажи или установки пластиковых окон с профилями размерами ценой замером и монтажом,операционная система Windows; шторы; стеклорезка без окон; ремонт квартир без окон
ремонт пластиковых окон,plastic_windows,commercial,,,10,2,пластиковые окна и остекление,ремонт пластиковых окон,страница продажи или установки пластиковых окон с профилями размерами ценой замером и монтажом,операционная система Windows; шторы; стеклорезка без окон; ремонт квартир без окон
пластиковые окна отзывы,plastic_windows,comparison,,,10,2,пластиковые окна и остекление,отзывы о пластиковых окнах,страница продажи или установки пластиковых окон с профилями размерами ценой замером и монтажом,операционная система Windows; шторы; стеклорезка без окон; ремонт квартир без окон
как выбрать пластиковые окна,plastic_windows,informational,,,10,2,пластиковые окна и остекление,выбор пластиковых окон,страница продажи или установки пластиковых окон с профилями размерами ценой замером и монтажом,операционная система Windows; шторы; стеклорезка без окон; ремонт квартир без окон
входные двери купить,entrance_doors,commercial,,,10,2,входные металлические двери,покупка входной двери,каталог или услуга установки входных дверей с моделями замками размерами ценой и монтажом,межкомнатные двери; мебель; аварийное вскрытие замков без продажи дверей; строительный блог
металлические входные двери цена,entrance_doors,commercial,,,10,2,входные металлические двери,цена металлических входных дверей,каталог или услуга установки входных дверей с моделями замками размерами ценой и монтажом,межкомнатные двери; мебель; аварийное вскрытие замков без продажи дверей; строительный блог
входные двери с установкой,entrance_doors,commercial,,,10,2,входные металлические двери,установка входных дверей,каталог или услуга установки входных дверей с моделями замками размерами ценой и монтажом,межкомнатные двери; мебель; аварийное вскрытие замков без продажи дверей; строительный блог
дверь входная в квартиру,entrance_doors,commercial,,,10,2,входные металлические двери,входная дверь для квартиры,каталог или услуга установки входных дверей с моделями замками размерами ценой и монтажом,межкомнатные двери; мебель; аварийное вскрытие замков без продажи дверей; строительный блог
теплые входные двери для дома,entrance_doors,commercial,,,10,2,входные металлические двери,утепленные входные двери,каталог или услуга установки входных дверей с моделями замками размерами ценой и монтажом,межкомнатные двери; мебель; аварийное вскрытие замков без продажи дверей; строительный блог
противовзломные входные двери,entrance_doors,commercial,,,10,2,входные металлические двери,противовзломные двери,каталог или услуга установки входных дверей с моделями замками размерами ценой и монтажом,межкомнатные двери; мебель; аварийное вскрытие замков без продажи дверей; строительный блог
входные двери москва,entrance_doors,commercial,Москва,213,10,2,входные металлические двери,входные двери в Москве,каталог или услуга установки входных дверей с моделями замками размерами ценой и монтажом,межкомнатные двери; мебель; аварийное вскрытие замков без продажи дверей; строительный блог
двери металлические на заказ,entrance_doors,commercial,,,10,2,входные металлические двери,металлические двери на заказ,каталог или услуга установки входных дверей с моделями замками размерами ценой и монтажом,межкомнатные двери; мебель; аварийное вскрытие замков без продажи дверей; строительный блог
лучшие входные двери рейтинг,entrance_doors,comparison,,,10,2,входные металлические двери,сравнение входных дверей,каталог или услуга установки входных дверей с моделями замками размерами ценой и монтажом,межкомнатные двери; мебель; аварийное вскрытие замков без продажи дверей; строительный блог
как выбрать входную дверь,entrance_doors,informational,,,10,2,входные металлические двери,выбор входной двери,каталог или услуга установки входных дверей с моделями замками размерами ценой и монтажом,межкомнатные двери; мебель; аварийное вскрытие замков без продажи дверей; строительный блог
стоматология москва,dentistry,commercial,Москва,213,10,2,стоматологические услуги,стоматология в Москве,страница стоматологической клиники с конкретной услугой врачами ценами лицензией записью и адресом,ветеринария; салон красоты; аптека; статья без записи; медцентр без стоматологии
имплантация зубов цена,dentistry,commercial,,,10,2,стоматологические услуги,стоимость имплантации зубов,страница стоматологической клиники с конкретной услугой врачами ценами лицензией записью и адресом,ветеринария; салон красоты; аптека; статья без записи; медцентр без стоматологии
лечение кариеса цена,dentistry,commercial,,,10,2,стоматологические услуги,лечение кариеса,страница стоматологической клиники с конкретной услугой врачами ценами лицензией записью и адресом,ветеринария; салон красоты; аптека; статья без записи; медцентр без стоматологии
удаление зуба мудрости,dentistry,commercial,,,10,2,стоматологические услуги,удаление зуба мудрости,страница стоматологической клиники с конкретной услугой врачами ценами лицензией записью и адресом,ветеринария; салон красоты; аптека; статья без записи; медцентр без стоматологии
установка брекетов цена,dentistry,commercial,,,10,2,стоматологические услуги,установка брекетов,страница стоматологической клиники с конкретной услугой врачами ценами лицензией записью и адресом,ветеринария; салон красоты; аптека; статья без записи; медцентр без стоматологии
отбеливание зубов клиника,dentistry,commercial,,,10,2,стоматологические услуги,отбеливание зубов,страница стоматологической клиники с конкретной услугой врачами ценами лицензией записью и адресом,ветеринария; салон красоты; аптека; статья без записи; медцентр без стоматологии
детская стоматология рядом,dentistry,commercial,,,10,2,стоматологические услуги,детская стоматология,страница стоматологической клиники с конкретной услугой врачами ценами лицензией записью и адресом,ветеринария; салон красоты; аптека; статья без записи; медцентр без стоматологии
протезирование зубов москва,dentistry,commercial,Москва,213,10,2,стоматологические услуги,протезирование зубов,страница стоматологической клиники с конкретной услугой врачами ценами лицензией записью и адресом,ветеринария; салон красоты; аптека; статья без записи; медцентр без стоматологии
стоматология отзывы,dentistry,comparison,,,10,2,стоматологические услуги,отзывы о стоматологии,страница стоматологической клиники с конкретной услугой врачами ценами лицензией записью и адресом,ветеринария; салон красоты; аптека; статья без записи; медцентр без стоматологии
как выбрать стоматологию,dentistry,informational,,,10,2,стоматологические услуги,выбор стоматологической клиники,страница стоматологической клиники с конкретной услугой врачами ценами лицензией записью и адресом,ветеринария; салон красоты; аптека; статья без записи; медцентр без стоматологии
банкротство физических лиц цена,bankruptcy_law,commercial,,,10,2,банкротство физических лиц и юридическая помощь,цена банкротства физического лица,страница юридической услуги банкротства с условиями этапами ценой кейсами юристами и заявкой,банковский кредит; новости о банкротстве; вакансии юриста; общая юридическая статья без услуги
банкротство физ лиц москва,bankruptcy_law,commercial,Москва,213,10,2,банкротство физических лиц и юридическая помощь,банкротство физических лиц в Москве,страница юридической услуги банкротства с условиями этапами ценой кейсами юристами и заявкой,банковский кредит; новости о банкротстве; вакансии юриста; общая юридическая статья без услуги
списание долгов через банкротство,bankruptcy_law,commercial,,,10,2,банкротство физических лиц и юридическая помощь,списание долгов,страница юридической услуги банкротства с условиями этапами ценой кейсами юристами и заявкой,банковский кредит; новости о банкротстве; вакансии юриста; общая юридическая статья без услуги
юрист по банкротству,bankruptcy_law,commercial,,,10,2,банкротство физических лиц и юридическая помощь,юрист по банкротству,страница юридической услуги банкротства с условиями этапами ценой кейсами юристами и заявкой,банковский кредит; новости о банкротстве; вакансии юриста; общая юридическая статья без услуги
банкротство под ключ,bankruptcy_law,commercial,,,10,2,банкротство физических лиц и юридическая помощь,услуга банкротства под ключ,страница юридической услуги банкротства с условиями этапами ценой кейсами юристами и заявкой,банковский кредит; новости о банкротстве; вакансии юриста; общая юридическая статья без услуги
банкротство через мфц,bankruptcy_law,commercial,,,10,2,банкротство физических лиц и юридическая помощь,банкротство через МФЦ,страница юридической услуги банкротства с условиями этапами ценой кейсами юристами и заявкой,банковский кредит; новости о банкротстве; вакансии юриста; общая юридическая статья без услуги
арбитражный управляющий банкротство,bankruptcy_law,commercial,,,10,2,банкротство физических лиц и юридическая помощь,арбитражный управляющий,страница юридической услуги банкротства с условиями этапами ценой кейсами юристами и заявкой,банковский кредит; новости о банкротстве; вакансии юриста; общая юридическая статья без услуги
консультация по банкротству бесплатно,bankruptcy_law,commercial,,,10,2,банкротство физических лиц и юридическая помощь,консультация по банкротству,страница юридической услуги банкротства с условиями этапами ценой кейсами юристами и заявкой,банковский кредит; новости о банкротстве; вакансии юриста; общая юридическая статья без услуги
банкротство физических лиц отзывы,bankruptcy_law,comparison,,,10,2,банкротство физических лиц и юридическая помощь,отзывы о банкротстве,страница юридической услуги банкротства с условиями этапами ценой кейсами юристами и заявкой,банковский кредит; новости о банкротстве; вакансии юриста; общая юридическая статья без услуги
как проходит банкротство физического лица,bankruptcy_law,informational,,,10,2,банкротство физических лиц и юридическая помощь,этапы банкротства,страница юридической услуги банкротства с условиями этапами ценой кейсами юристами и заявкой,банковский кредит; новости о банкротстве; вакансии юриста; общая юридическая статья без услуги
бухгалтерские услуги для ип,accounting_services,commercial,,,10,2,бухгалтерские услуги и аутсорсинг бухгалтерии,бухгалтерия для ИП,страница бухгалтерской услуги с тарифами перечнем работ налогами отчетностью и заявкой,курсы бухгалтерии; вакансии бухгалтера; бухгалтерское ПО; новости налогов без услуги
бухгалтерское сопровождение ооо,accounting_services,commercial,,,10,2,бухгалтерские услуги и аутсорсинг бухгалтерии,бухгалтерское сопровождение ООО,страница бухгалтерской услуги с тарифами перечнем работ налогами отчетностью и заявкой,курсы бухгалтерии; вакансии бухгалтера; бухгалтерское ПО; новости налогов без услуги
ведение бухгалтерии цена,accounting_services,commercial,,,10,2,бухгалтерские услуги и аутсорсинг бухгалтерии,стоимость ведения бухгалтерии,страница бухгалтерской услуги с тарифами перечнем работ налогами отчетностью и заявкой,курсы бухгалтерии; вакансии бухгалтера; бухгалтерское ПО; новости налогов без услуги
аутсорсинг бухгалтерии москва,accounting_services,commercial,Москва,213,10,2,бухгалтерские услуги и аутсорсинг бухгалтерии,аутсорсинг бухгалтерии в Москве,страница бухгалтерской услуги с тарифами перечнем работ налогами отчетностью и заявкой,курсы бухгалтерии; вакансии бухгалтера; бухгалтерское ПО; новости налогов без услуги
сдача налоговой отчетности,accounting_services,commercial,,,10,2,бухгалтерские услуги и аутсорсинг бухгалтерии,сдача налоговой отчетности,страница бухгалтерской услуги с тарифами перечнем работ налогами отчетностью и заявкой,курсы бухгалтерии; вакансии бухгалтера; бухгалтерское ПО; новости налогов без услуги
бухгалтер для маркетплейсов,accounting_services,commercial,,,10,2,бухгалтерские услуги и аутсорсинг бухгалтерии,бухгалтерия для маркетплейсов,страница бухгалтерской услуги с тарифами перечнем работ налогами отчетностью и заявкой,курсы бухгалтерии; вакансии бухгалтера; бухгалтерское ПО; новости налогов без услуги
восстановление бухгалтерского учета,accounting_services,commercial,,,10,2,бухгалтерские услуги и аутсорсинг бухгалтерии,восстановление учета,страница бухгалтерской услуги с тарифами перечнем работ налогами отчетностью и заявкой,курсы бухгалтерии; вакансии бухгалтера; бухгалтерское ПО; новости налогов без услуги
расчет зарплаты аутсорсинг,accounting_services,commercial,,,10,2,бухгалтерские услуги и аутсорсинг бухгалтерии,аутсорсинг расчета зарплаты,страница бухгалтерской услуги с тарифами перечнем работ налогами отчетностью и заявкой,курсы бухгалтерии; вакансии бухгалтера; бухгалтерское ПО; новости налогов без услуги
бухгалтерские услуги отзывы,accounting_services,comparison,,,10,2,бухгалтерские услуги и аутсорсинг бухгалтерии,отзывы о бухгалтерских услугах,страница бухгалтерской услуги с тарифами перечнем работ налогами отчетностью и заявкой,курсы бухгалтерии; вакансии бухгалтера; бухгалтерское ПО; новости налогов без услуги
как выбрать бухгалтера на аутсорсинг,accounting_services,informational,,,10,2,бухгалтерские услуги и аутсорсинг бухгалтерии,выбор бухгалтера,страница бухгалтерской услуги с тарифами перечнем работ налогами отчетностью и заявкой,курсы бухгалтерии; вакансии бухгалтера; бухгалтерское ПО; новости налогов без услуги
автосервис москва,car_service,commercial,Москва,213,10,2,автосервис и ремонт автомобилей,автосервис в Москве,страница автосервиса с конкретной услугой марками авто ценами записью адресом и гарантией,продажа автомобилей; магазин запчастей без ремонта; автошкола; мойка без сервиса
ремонт двигателя цена,car_service,commercial,,,10,2,автосервис и ремонт автомобилей,ремонт двигателя,страница автосервиса с конкретной услугой марками авто ценами записью адресом и гарантией,продажа автомобилей; магазин запчастей без ремонта; автошкола; мойка без сервиса
замена масла рядом,car_service,commercial,,,10,2,автосервис и ремонт автомобилей,замена масла,страница автосервиса с конкретной услугой марками авто ценами записью адресом и гарантией,продажа автомобилей; магазин запчастей без ремонта; автошкола; мойка без сервиса
диагностика автомобиля цена,car_service,commercial,,,10,2,автосервис и ремонт автомобилей,диагностика автомобиля,страница автосервиса с конкретной услугой марками авто ценами записью адресом и гарантией,продажа автомобилей; магазин запчастей без ремонта; автошкола; мойка без сервиса
ремонт подвески автомобиля,car_service,commercial,,,10,2,автосервис и ремонт автомобилей,ремонт подвески,страница автосервиса с конкретной услугой марками авто ценами записью адресом и гарантией,продажа автомобилей; магазин запчастей без ремонта; автошкола; мойка без сервиса
ремонт акпп москва,car_service,commercial,Москва,213,10,2,автосервис и ремонт автомобилей,ремонт АКПП,страница автосервиса с конкретной услугой марками авто ценами записью адресом и гарантией,продажа автомобилей; магазин запчастей без ремонта; автошкола; мойка без сервиса
шиномонтаж круглосуточно,car_service,commercial,,,10,2,автосервис и ремонт автомобилей,круглосуточный шиномонтаж,страница автосервиса с конкретной услугой марками авто ценами записью адресом и гарантией,продажа автомобилей; магазин запчастей без ремонта; автошкола; мойка без сервиса
кузовной ремонт цена,car_service,commercial,,,10,2,автосервис и ремонт автомобилей,кузовной ремонт,страница автосервиса с конкретной услугой марками авто ценами записью адресом и гарантией,продажа автомобилей; магазин запчастей без ремонта; автошкола; мойка без сервиса
автосервис отзывы,car_service,comparison,,,10,2,автосервис и ремонт автомобилей,отзывы об автосервисе,страница автосервиса с конкретной услугой марками авто ценами записью адресом и гарантией,продажа автомобилей; магазин запчастей без ремонта; автошкола; мойка без сервиса
как выбрать автосервис,car_service,informational,,,10,2,автосервис и ремонт автомобилей,выбор автосервиса,страница автосервиса с конкретной услугой марками авто ценами записью адресом и гарантией,продажа автомобилей; магазин запчастей без ремонта; автошкола; мойка без сервиса
грузоперевозки москва,cargo_transport,commercial,Москва,213,10,2,грузоперевозки и перевозка вещей,грузоперевозки в Москве,страница грузоперевозок с типами машин ценами маршрутами грузчиками и заявкой,пассажирское такси; доставка еды; вакансии водителя; продажа грузовиков без перевозки
заказать газель для перевозки,cargo_transport,commercial,,,10,2,грузоперевозки и перевозка вещей,заказ Газели,страница грузоперевозок с типами машин ценами маршрутами грузчиками и заявкой,пассажирское такси; доставка еды; вакансии водителя; продажа грузовиков без перевозки
квартирный переезд цена,cargo_transport,commercial,,,10,2,грузоперевозки и перевозка вещей,квартирный переезд,страница грузоперевозок с типами машин ценами маршрутами грузчиками и заявкой,пассажирское такси; доставка еды; вакансии водителя; продажа грузовиков без перевозки
перевозка мебели с грузчиками,cargo_transport,commercial,,,10,2,грузоперевозки и перевозка вещей,перевозка мебели,страница грузоперевозок с типами машин ценами маршрутами грузчиками и заявкой,пассажирское такси; доставка еды; вакансии водителя; продажа грузовиков без перевозки
междугородние грузоперевозки,cargo_transport,commercial,,,10,2,грузоперевозки и перевозка вещей,междугородние грузоперевозки,страница грузоперевозок с типами машин ценами маршрутами грузчиками и заявкой,пассажирское такси; доставка еды; вакансии водителя; продажа грузовиков без перевозки
доставка груза по россии,cargo_transport,commercial,,,10,2,грузоперевозки и перевозка вещей,доставка груза по России,страница грузоперевозок с типами машин ценами маршрутами грузчиками и заявкой,пассажирское такси; доставка еды; вакансии водителя; продажа грузовиков без перевозки
грузчики и машина недорого,cargo_transport,commercial,,,10,2,грузоперевозки и перевозка вещей,машина с грузчиками,страница грузоперевозок с типами машин ценами маршрутами грузчиками и заявкой,пассажирское такси; доставка еды; вакансии водителя; продажа грузовиков без перевозки
перевозка пианино цена,cargo_transport,commercial,,,10,2,грузоперевозки и перевозка вещей,перевозка пианино,страница грузоперевозок с типами машин ценами маршрутами грузчиками и заявкой,пассажирское такси; доставка еды; вакансии водителя; продажа грузовиков без перевозки
грузоперевозки отзывы,cargo_transport,comparison,,,10,2,грузоперевозки и перевозка вещей,отзывы о грузоперевозках,страница грузоперевозок с типами машин ценами маршрутами грузчиками и заявкой,пассажирское такси; доставка еды; вакансии водителя; продажа грузовиков без перевозки
как выбрать транспортную компанию,cargo_transport,informational,,,10,2,грузоперевозки и перевозка вещей,выбор транспортной компании,страница грузоперевозок с типами машин ценами маршрутами грузчиками и заявкой,пассажирское такси; доставка еды; вакансии водителя; продажа грузовиков без перевозки
пилатес москва,pilates_fitness,commercial,Москва,213,10,2,пилатес и фитнес-студии,пилатес в Москве,страница студии пилатеса с расписанием тренерами форматами занятий ценой и записью,медицинская клиника без пилатеса; винный магазин; промышленное оборудование; спортивный магазин без занятий
студия пилатеса рядом,pilates_fitness,commercial,,,10,2,пилатес и фитнес-студии,студия пилатеса,страница студии пилатеса с расписанием тренерами форматами занятий ценой и записью,медицинская клиника без пилатеса; винный магазин; промышленное оборудование; спортивный магазин без занятий
пилатес реформер цена,pilates_fitness,commercial,,,10,2,пилатес и фитнес-студии,занятия на реформере,страница студии пилатеса с расписанием тренерами форматами занятий ценой и записью,медицинская клиника без пилатеса; винный магазин; промышленное оборудование; спортивный магазин без занятий
индивидуальные занятия пилатес,pilates_fitness,commercial,,,10,2,пилатес и фитнес-студии,индивидуальный пилатес,страница студии пилатеса с расписанием тренерами форматами занятий ценой и записью,медицинская клиника без пилатеса; винный магазин; промышленное оборудование; спортивный магазин без занятий
пилатес для начинающих,pilates_fitness,commercial,,,10,2,пилатес и фитнес-студии,пилатес для начинающих,страница студии пилатеса с расписанием тренерами форматами занятий ценой и записью,медицинская клиника без пилатеса; винный магазин; промышленное оборудование; спортивный магазин без занятий
пилатес для спины,pilates_fitness,commercial,,,10,2,пилатес и фитнес-студии,пилатес для спины,страница студии пилатеса с расписанием тренерами форматами занятий ценой и записью,медицинская клиника без пилатеса; винный магазин; промышленное оборудование; спортивный магазин без занятий
групповые занятия пилатес,pilates_fitness,commercial,,,10,2,пилатес и фитнес-студии,групповой пилатес,страница студии пилатеса с расписанием тренерами форматами занятий ценой и записью,медицинская клиника без пилатеса; винный магазин; промышленное оборудование; спортивный магазин без занятий
абонемент на пилатес,pilates_fitness,commercial,,,10,2,пилатес и фитнес-студии,абонемент на пилатес,страница студии пилатеса с расписанием тренерами форматами занятий ценой и записью,медицинская клиника без пилатеса; винный магазин; промышленное оборудование; спортивный магазин без занятий
студия пилатеса отзывы,pilates_fitness,comparison,,,10,2,пилатес и фитнес-студии,отзывы о студии пилатеса,страница студии пилатеса с расписанием тренерами форматами занятий ценой и записью,медицинская клиника без пилатеса; винный магазин; промышленное оборудование; спортивный магазин без занятий
чем отличается пилатес от йоги,pilates_fitness,informational,,,10,2,пилатес и фитнес-студии,сравнение пилатеса и йоги,страница студии пилатеса с расписанием тренерами форматами занятий ценой и записью,медицинская клиника без пилатеса; винный магазин; промышленное оборудование; спортивный магазин без занятий
сдать анализы москва,medical_tests,commercial,Москва,213,10,2,медицинские анализы и лабораторная диагностика,сдача анализов в Москве,страница лаборатории или медцентра с анализом подготовкой сроками ценой адресом и записью,ветеринарная лаборатория; статья без сдачи анализа; аптека; клиника без лабораторных услуг
общий анализ крови цена,medical_tests,commercial,,,10,2,медицинские анализы и лабораторная диагностика,общий анализ крови,страница лаборатории или медцентра с анализом подготовкой сроками ценой адресом и записью,ветеринарная лаборатория; статья без сдачи анализа; аптека; клиника без лабораторных услуг
анализ крови на гормоны,medical_tests,commercial,,,10,2,медицинские анализы и лабораторная диагностика,анализы на гормоны,страница лаборатории или медцентра с анализом подготовкой сроками ценой адресом и записью,ветеринарная лаборатория; статья без сдачи анализа; аптека; клиника без лабораторных услуг
пцр тест цена,medical_tests,commercial,,,10,2,медицинские анализы и лабораторная диагностика,ПЦР тест,страница лаборатории или медцентра с анализом подготовкой сроками ценой адресом и записью,ветеринарная лаборатория; статья без сдачи анализа; аптека; клиника без лабораторных услуг
биохимический анализ крови,medical_tests,commercial,,,10,2,медицинские анализы и лабораторная диагностика,биохимия крови,страница лаборатории или медцентра с анализом подготовкой сроками ценой адресом и записью,ветеринарная лаборатория; статья без сдачи анализа; аптека; клиника без лабораторных услуг
анализ на витамин д,medical_tests,commercial,,,10,2,медицинские анализы и лабораторная диагностика,анализ витамина D,страница лаборатории или медцентра с анализом подготовкой сроками ценой адресом и записью,ветеринарная лаборатория; статья без сдачи анализа; аптека; клиника без лабораторных услуг
сдать анализы на дому,medical_tests,commercial,,,10,2,медицинские анализы и лабораторная диагностика,выезд для сдачи анализов,страница лаборатории или медцентра с анализом подготовкой сроками ценой адресом и записью,ветеринарная лаборатория; статья без сдачи анализа; аптека; клиника без лабораторных услуг
анализы перед операцией,medical_tests,commercial,,,10,2,медицинские анализы и лабораторная диагностика,предоперационные анализы,страница лаборатории или медцентра с анализом подготовкой сроками ценой адресом и записью,ветеринарная лаборатория; статья без сдачи анализа; аптека; клиника без лабораторных услуг
лаборатория анализов отзывы,medical_tests,comparison,,,10,2,медицинские анализы и лабораторная диагностика,отзывы о лаборатории,страница лаборатории или медцентра с анализом подготовкой сроками ценой адресом и записью,ветеринарная лаборатория; статья без сдачи анализа; аптека; клиника без лабораторных услуг
как подготовиться к анализу крови,medical_tests,informational,,,10,2,медицинские анализы и лабораторная диагностика,подготовка к анализам,страница лаборатории или медцентра с анализом подготовкой сроками ценой адресом и записью,ветеринарная лаборатория; статья без сдачи анализа; аптека; клиника без лабораторных услуг
мебель на заказ москва,custom_furniture,commercial,Москва,213,10,2,мебель на заказ,мебель на заказ в Москве,страница изготовления мебели на заказ с материалами проектом размерами ценой портфолио и заявкой,готовая мебель маркетплейса; ремонт мебели; пиломатериалы; дизайн интерьера без изготовления
шкаф купе на заказ цена,custom_furniture,commercial,,,10,2,мебель на заказ,шкаф-купе на заказ,страница изготовления мебели на заказ с материалами проектом размерами ценой портфолио и заявкой,готовая мебель маркетплейса; ремонт мебели; пиломатериалы; дизайн интерьера без изготовления
кухня на заказ цена,custom_furniture,commercial,,,10,2,мебель на заказ,кухня на заказ,страница изготовления мебели на заказ с материалами проектом размерами ценой портфолио и заявкой,готовая мебель маркетплейса; ремонт мебели; пиломатериалы; дизайн интерьера без изготовления
гардеробная на заказ,custom_furniture,commercial,,,10,2,мебель на заказ,гардеробная на заказ,страница изготовления мебели на заказ с материалами проектом размерами ценой портфолио и заявкой,готовая мебель маркетплейса; ремонт мебели; пиломатериалы; дизайн интерьера без изготовления
детская мебель на заказ,custom_furniture,commercial,,,10,2,мебель на заказ,детская мебель на заказ,страница изготовления мебели на заказ с материалами проектом размерами ценой портфолио и заявкой,готовая мебель маркетплейса; ремонт мебели; пиломатериалы; дизайн интерьера без изготовления
мебель для ванной на заказ,custom_furniture,commercial,,,10,2,мебель на заказ,мебель для ванной,страница изготовления мебели на заказ с материалами проектом размерами ценой портфолио и заявкой,готовая мебель маркетплейса; ремонт мебели; пиломатериалы; дизайн интерьера без изготовления
встроенный шкаф на заказ,custom_furniture,commercial,,,10,2,мебель на заказ,встроенный шкаф,страница изготовления мебели на заказ с материалами проектом размерами ценой портфолио и заявкой,готовая мебель маркетплейса; ремонт мебели; пиломатериалы; дизайн интерьера без изготовления
корпусная мебель на заказ,custom_furniture,commercial,,,10,2,мебель на заказ,корпусная мебель,страница изготовления мебели на заказ с материалами проектом размерами ценой портфолио и заявкой,готовая мебель маркетплейса; ремонт мебели; пиломатериалы; дизайн интерьера без изготовления
мебель на заказ отзывы,custom_furniture,comparison,,,10,2,мебель на заказ,отзывы о мебели на заказ,страница изготовления мебели на заказ с материалами проектом размерами ценой портфолио и заявкой,готовая мебель маркетплейса; ремонт мебели; пиломатериалы; дизайн интерьера без изготовления
как выбрать мебель на заказ,custom_furniture,informational,,,10,2,мебель на заказ,выбор мебели на заказ,страница изготовления мебели на заказ с материалами проектом размерами ценой портфолио и заявкой,готовая мебель маркетплейса; ремонт мебели; пиломатериалы; дизайн интерьера без изготовления
купить кондиционер с установкой,air_conditioners,commercial,,,10,2,кондиционеры и климатическая техника,покупка кондиционера с установкой,страница продажи установки или обслуживания кондиционеров с моделями площадью ценой монтажом и заявкой,кондиционер для волос; прогноз погоды; автомобильный кондиционер; вентиляция без кондиционеров
установка кондиционера цена,air_conditioners,commercial,,,10,2,кондиционеры и климатическая техника,цена установки кондиционера,страница продажи установки или обслуживания кондиционеров с моделями площадью ценой монтажом и заявкой,кондиционер для волос; прогноз погоды; автомобильный кондиционер; вентиляция без кондиционеров
сплит система в квартиру,air_conditioners,commercial,,,10,2,кондиционеры и климатическая техника,сплит-система для квартиры,страница продажи установки или обслуживания кондиционеров с моделями площадью ценой монтажом и заявкой,кондиционер для волос; прогноз погоды; автомобильный кондиционер; вентиляция без кондиционеров
кондиционеры москва,air_conditioners,commercial,Москва,213,10,2,кондиционеры и климатическая техника,кондиционеры в Москве,страница продажи установки или обслуживания кондиционеров с моделями площадью ценой монтажом и заявкой,кондиционер для волос; прогноз погоды; автомобильный кондиционер; вентиляция без кондиционеров
обслуживание кондиционеров,air_conditioners,commercial,,,10,2,кондиционеры и климатическая техника,сервис кондиционеров,страница продажи установки или обслуживания кондиционеров с моделями площадью ценой монтажом и заявкой,кондиционер для волос; прогноз погоды; автомобильный кондиционер; вентиляция без кондиционеров
заправка кондиционера фреоном,air_conditioners,commercial,,,10,2,кондиционеры и климатическая техника,заправка кондиционера,страница продажи установки или обслуживания кондиционеров с моделями площадью ценой монтажом и заявкой,кондиционер для волос; прогноз погоды; автомобильный кондиционер; вентиляция без кондиционеров
демонтаж кондиционера,air_conditioners,commercial,,,10,2,кондиционеры и климатическая техника,демонтаж кондиционера,страница продажи установки или обслуживания кондиционеров с моделями площадью ценой монтажом и заявкой,кондиционер для волос; прогноз погоды; автомобильный кондиционер; вентиляция без кондиционеров
кондиционер для офиса,air_conditioners,commercial,,,10,2,кондиционеры и климатическая техника,кондиционер для офиса,страница продажи установки или обслуживания кондиционеров с моделями площадью ценой монтажом и заявкой,кондиционер для волос; прогноз погоды; автомобильный кондиционер; вентиляция без кондиционеров
кондиционеры отзывы,air_conditioners,comparison,,,10,2,кондиционеры и климатическая техника,отзывы о кондиционерах,страница продажи установки или обслуживания кондиционеров с моделями площадью ценой монтажом и заявкой,кондиционер для волос; прогноз погоды; автомобильный кондиционер; вентиляция без кондиционеров
как выбрать кондиционер,air_conditioners,informational,,,10,2,кондиционеры и климатическая техника,выбор кондиционера,страница продажи установки или обслуживания кондиционеров с моделями площадью ценой монтажом и заявкой,кондиционер для волос; прогноз погоды; автомобильный кондиционер; вентиляция без кондиционеров
уборка квартир москва,cleaning,commercial,Москва,213,10,2,клининг и уборка помещений,уборка квартир в Москве,страница клининговой услуги с видами уборки площадью ценами составом работ и заявкой,магазин бытовой химии; вакансии уборщицы; робот-пылесос; химчистка одежды без уборки помещений
генеральная уборка квартиры цена,cleaning,commercial,,,10,2,клининг и уборка помещений,генеральная уборка квартиры,страница клининговой услуги с видами уборки площадью ценами составом работ и заявкой,магазин бытовой химии; вакансии уборщицы; робот-пылесос; химчистка одежды без уборки помещений
клининг после ремонта,cleaning,commercial,,,10,2,клининг и уборка помещений,уборка после ремонта,страница клининговой услуги с видами уборки площадью ценами составом работ и заявкой,магазин бытовой химии; вакансии уборщицы; робот-пылесос; химчистка одежды без уборки помещений
уборка офиса цена,cleaning,commercial,,,10,2,клининг и уборка помещений,уборка офиса,страница клининговой услуги с видами уборки площадью ценами составом работ и заявкой,магазин бытовой химии; вакансии уборщицы; робот-пылесос; химчистка одежды без уборки помещений
мойка окон клининг,cleaning,commercial,,,10,2,клининг и уборка помещений,мойка окон,страница клининговой услуги с видами уборки площадью ценами составом работ и заявкой,магазин бытовой химии; вакансии уборщицы; робот-пылесос; химчистка одежды без уборки помещений
уборка коттеджа,cleaning,commercial,,,10,2,клининг и уборка помещений,уборка коттеджа,страница клининговой услуги с видами уборки площадью ценами составом работ и заявкой,магазин бытовой химии; вакансии уборщицы; робот-пылесос; химчистка одежды без уборки помещений
еженедельная уборка квартиры,cleaning,commercial,,,10,2,клининг и уборка помещений,регулярная уборка,страница клининговой услуги с видами уборки площадью ценами составом работ и заявкой,магазин бытовой химии; вакансии уборщицы; робот-пылесос; химчистка одежды без уборки помещений
клининг с выездом,cleaning,commercial,,,10,2,клининг и уборка помещений,выездная клининговая услуга,страница клининговой услуги с видами уборки площадью ценами составом работ и заявкой,магазин бытовой химии; вакансии уборщицы; робот-пылесос; химчистка одежды без уборки помещений
клининговая компания отзывы,cleaning,comparison,,,10,2,клининг и уборка помещений,отзывы о клининге,страница клининговой услуги с видами уборки площадью ценами составом работ и заявкой,магазин бытовой химии; вакансии уборщицы; робот-пылесос; химчистка одежды без уборки помещений
как выбрать клининговую компанию,cleaning,informational,,,10,2,клининг и уборка помещений,выбор клининга,страница клининговой услуги с видами уборки площадью ценами составом работ и заявкой,магазин бытовой химии; вакансии уборщицы; робот-пылесос; химчистка одежды без уборки помещений
seo продвижение сайта,seo_webdev,commercial,,,10,2,SEO-продвижение и разработка сайтов,SEO-продвижение сайта,страница агентства или услуги SEO/разработки с кейсами тарифами процессом командой и заявкой,хостинг; бесплатные шаблоны; новости SEO без услуги; курсы программирования вместо разработки сайта
продвижение сайта москва,seo_webdev,commercial,Москва,213,10,2,SEO-продвижение и разработка сайтов,продвижение сайта в Москве,страница агентства или услуги SEO/разработки с кейсами тарифами процессом командой и заявкой,хостинг; бесплатные шаблоны; новости SEO без услуги; курсы программирования вместо разработки сайта
создание сайта под ключ,seo_webdev,commercial,,,10,2,SEO-продвижение и разработка сайтов,создание сайта под ключ,страница агентства или услуги SEO/разработки с кейсами тарифами процессом командой и заявкой,хостинг; бесплатные шаблоны; новости SEO без услуги; курсы программирования вместо разработки сайта
разработка интернет магазина,seo_webdev,commercial,,,10,2,SEO-продвижение и разработка сайтов,разработка интернет-магазина,страница агентства или услуги SEO/разработки с кейсами тарифами процессом командой и заявкой,хостинг; бесплатные шаблоны; новости SEO без услуги; курсы программирования вместо разработки сайта
аудит сайта seo,seo_webdev,commercial,,,10,2,SEO-продвижение и разработка сайтов,SEO-аудит сайта,страница агентства или услуги SEO/разработки с кейсами тарифами процессом командой и заявкой,хостинг; бесплатные шаблоны; новости SEO без услуги; курсы программирования вместо разработки сайта
контекстная реклама настройка,seo_webdev,commercial,,,10,2,SEO-продвижение и разработка сайтов,настройка контекстной рекламы,страница агентства или услуги SEO/разработки с кейсами тарифами процессом командой и заявкой,хостинг; бесплатные шаблоны; новости SEO без услуги; курсы программирования вместо разработки сайта
seo продвижение цена,seo_webdev,commercial,,,10,2,SEO-продвижение и разработка сайтов,стоимость SEO-продвижения,страница агентства или услуги SEO/разработки с кейсами тарифами процессом командой и заявкой,хостинг; бесплатные шаблоны; новости SEO без услуги; курсы программирования вместо разработки сайта
разработка лендинга цена,seo_webdev,commercial,,,10,2,SEO-продвижение и разработка сайтов,разработка лендинга,страница агентства или услуги SEO/разработки с кейсами тарифами процессом командой и заявкой,хостинг; бесплатные шаблоны; новости SEO без услуги; курсы программирования вместо разработки сайта
seo агентство отзывы,seo_webdev,comparison,,,10,2,SEO-продвижение и разработка сайтов,отзывы о SEO-агентстве,страница агентства или услуги SEO/разработки с кейсами тарифами процессом командой и заявкой,хостинг; бесплатные шаблоны; новости SEO без услуги; курсы программирования вместо разработки сайта
как выбрать seo подрядчика,seo_webdev,informational,,,10,2,SEO-продвижение и разработка сайтов,выбор SEO-подрядчика,страница агентства или услуги SEO/разработки с кейсами тарифами процессом командой и заявкой,хостинг; бесплатные шаблоны; новости SEO без услуги; курсы программирования вместо разработки сайта
новостройки москва купить,new_buildings,commercial,Москва,213,10,2,новостройки и покупка квартир,покупка квартиры в новостройке,страница ЖК или каталога новостроек с планировками ценами ипотекой районом и контактом отдела продаж,ремонт квартир; дизайн интерьера; аренда жилья; новости недвижимости без объектов
квартира в новостройке цена,new_buildings,commercial,,,10,2,новостройки и покупка квартир,цена квартиры в новостройке,страница ЖК или каталога новостроек с планировками ценами ипотекой районом и контактом отдела продаж,ремонт квартир; дизайн интерьера; аренда жилья; новости недвижимости без объектов
жк бизнес класса москва,new_buildings,commercial,Москва,213,10,2,новостройки и покупка квартир,ЖК бизнес-класса,страница ЖК или каталога новостроек с планировками ценами ипотекой районом и контактом отдела продаж,ремонт квартир; дизайн интерьера; аренда жилья; новости недвижимости без объектов
новостройки рядом с метро,new_buildings,commercial,,,10,2,новостройки и покупка квартир,новостройки у метро,страница ЖК или каталога новостроек с планировками ценами ипотекой районом и контактом отдела продаж,ремонт квартир; дизайн интерьера; аренда жилья; новости недвижимости без объектов
купить студию в новостройке,new_buildings,commercial,,,10,2,новостройки и покупка квартир,покупка студии,страница ЖК или каталога новостроек с планировками ценами ипотекой районом и контактом отдела продаж,ремонт квартир; дизайн интерьера; аренда жилья; новости недвижимости без объектов
семейная ипотека новостройки,new_buildings,commercial,,,10,2,новостройки и покупка квартир,семейная ипотека на новостройку,страница ЖК или каталога новостроек с планировками ценами ипотекой районом и контактом отдела продаж,ремонт квартир; дизайн интерьера; аренда жилья; новости недвижимости без объектов
новостройки от застройщика,new_buildings,commercial,,,10,2,новостройки и покупка квартир,новостройки от застройщика,страница ЖК или каталога новостроек с планировками ценами ипотекой районом и контактом отдела продаж,ремонт квартир; дизайн интерьера; аренда жилья; новости недвижимости без объектов
квартира с отделкой в новостройке,new_buildings,commercial,,,10,2,новостройки и покупка квартир,новостройка с отделкой,страница ЖК или каталога новостроек с планировками ценами ипотекой районом и контактом отдела продаж,ремонт квартир; дизайн интерьера; аренда жилья; новости недвижимости без объектов
новостройки отзывы,new_buildings,comparison,,,10,2,новостройки и покупка квартир,отзывы о новостройках,страница ЖК или каталога новостроек с планировками ценами ипотекой районом и контактом отдела продаж,ремонт квартир; дизайн интерьера; аренда жилья; новости недвижимости без объектов
как выбрать квартиру в новостройке,new_buildings,informational,,,10,2,новостройки и покупка квартир,выбор квартиры в новостройке,страница ЖК или каталога новостроек с планировками ценами ипотекой районом и контактом отдела продаж,ремонт квартир; дизайн интерьера; аренда жилья; новости недвижимости без объектов
аренда спецтехники москва,special_equipment_rental,commercial,Москва,213,10,2,аренда спецтехники,аренда спецтехники в Москве,страница аренды спецтехники с типами техники грузоподъемностью сменой ценой доставкой и заявкой,продажа спецтехники без аренды; грузоперевозки; такси; ремонт техники
аренда автокрана цена,special_equipment_rental,commercial,,,10,2,аренда спецтехники,аренда автокрана,страница аренды спецтехники с типами техники грузоподъемностью сменой ценой доставкой и заявкой,продажа спецтехники без аренды; грузоперевозки; такси; ремонт техники
аренда экскаватора погрузчика,special_equipment_rental,commercial,,,10,2,аренда спецтехники,аренда экскаватора-погрузчика,страница аренды спецтехники с типами техники грузоподъемностью сменой ценой доставкой и заявкой,продажа спецтехники без аренды; грузоперевозки; такси; ремонт техники
аренда манипулятора,special_equipment_rental,commercial,,,10,2,аренда спецтехники,аренда манипулятора,страница аренды спецтехники с типами техники грузоподъемностью сменой ценой доставкой и заявкой,продажа спецтехники без аренды; грузоперевозки; такси; ремонт техники
аренда автовышки цена,special_equipment_rental,commercial,,,10,2,аренда спецтехники,аренда автовышки,страница аренды спецтехники с типами техники грузоподъемностью сменой ценой доставкой и заявкой,продажа спецтехники без аренды; грузоперевозки; такси; ремонт техники
аренда бульдозера,special_equipment_rental,commercial,,,10,2,аренда спецтехники,аренда бульдозера,страница аренды спецтехники с типами техники грузоподъемностью сменой ценой доставкой и заявкой,продажа спецтехники без аренды; грузоперевозки; такси; ремонт техники
аренда мини экскаватора,special_equipment_rental,commercial,,,10,2,аренда спецтехники,аренда мини-экскаватора,страница аренды спецтехники с типами техники грузоподъемностью сменой ценой доставкой и заявкой,продажа спецтехники без аренды; грузоперевозки; такси; ремонт техники
спецтехника с оператором,special_equipment_rental,commercial,,,10,2,аренда спецтехники,спецтехника с оператором,страница аренды спецтехники с типами техники грузоподъемностью сменой ценой доставкой и заявкой,продажа спецтехники без аренды; грузоперевозки; такси; ремонт техники
аренда спецтехники отзывы,special_equipment_rental,comparison,,,10,2,аренда спецтехники,отзывы об аренде спецтехники,страница аренды спецтехники с типами техники грузоподъемностью сменой ценой доставкой и заявкой,продажа спецтехники без аренды; грузоперевозки; такси; ремонт техники
как выбрать спецтехнику в аренду,special_equipment_rental,informational,,,10,2,аренда спецтехники,выбор спецтехники,страница аренды спецтехники с типами техники грузоподъемностью сменой ценой доставкой и заявкой,продажа спецтехники без аренды; грузоперевозки; такси; ремонт техники
онлайн курсы программирования,online_courses,commercial,,,10,2,онлайн-курсы и обучение профессиям,онлайн-курс программирования,страница курса с программой форматом сроками преподавателями ценой сертификатом и записью,бесплатная статья; вуз без онлайн-курса; книжный магазин; вакансии без обучения
курсы python с нуля,online_courses,commercial,,,10,2,онлайн-курсы и обучение профессиям,курс Python для начинающих,страница курса с программой форматом сроками преподавателями ценой сертификатом и записью,бесплатная статья; вуз без онлайн-курса; книжный магазин; вакансии без обучения
курсы дизайна интерфейсов,online_courses,commercial,,,10,2,онлайн-курсы и обучение профессиям,курс дизайна интерфейсов,страница курса с программой форматом сроками преподавателями ценой сертификатом и записью,бесплатная статья; вуз без онлайн-курса; книжный магазин; вакансии без обучения
курсы интернет маркетинга,online_courses,commercial,,,10,2,онлайн-курсы и обучение профессиям,курс интернет-маркетинга,страница курса с программой форматом сроками преподавателями ценой сертификатом и записью,бесплатная статья; вуз без онлайн-курса; книжный магазин; вакансии без обучения
обучение аналитик данных,online_courses,commercial,,,10,2,онлайн-курсы и обучение профессиям,курс аналитика данных,страница курса с программой форматом сроками преподавателями ценой сертификатом и записью,бесплатная статья; вуз без онлайн-курса; книжный магазин; вакансии без обучения
курсы английского онлайн,online_courses,commercial,,,10,2,онлайн-курсы и обучение профессиям,онлайн-курс английского,страница курса с программой форматом сроками преподавателями ценой сертификатом и записью,бесплатная статья; вуз без онлайн-курса; книжный магазин; вакансии без обучения
курсы smm специалист,online_courses,commercial,,,10,2,онлайн-курсы и обучение профессиям,курс SMM-специалиста,страница курса с программой форматом сроками преподавателями ценой сертификатом и записью,бесплатная статья; вуз без онлайн-курса; книжный магазин; вакансии без обучения
профессия frontend разработчик,online_courses,commercial,,,10,2,онлайн-курсы и обучение профессиям,курс frontend-разработчика,страница курса с программой форматом сроками преподавателями ценой сертификатом и записью,бесплатная статья; вуз без онлайн-курса; книжный магазин; вакансии без обучения
онлайн школа отзывы,online_courses,comparison,,,10,2,онлайн-курсы и обучение профессиям,отзывы об онлайн-школе,страница курса с программой форматом сроками преподавателями ценой сертификатом и записью,бесплатная статья; вуз без онлайн-курса; книжный магазин; вакансии без обучения
как выбрать онлайн курс,online_courses,informational,,,10,2,онлайн-курсы и обучение профессиям,выбор онлайн-курса,страница курса с программой форматом сроками преподавателями ценой сертификатом и записью,бесплатная статья; вуз без онлайн-курса; книжный магазин; вакансии без обучения
купить вино онлайн,wine_store,commercial,,,10,2,винный магазин и покупка вина,покупка вина онлайн,каталог винного магазина с ассортиментом странами ценами наличием доставкой или самовывозом,козловые краны; ресторан без продажи вина; экскурсия на винодельню; статья о вине без покупки
винный магазин москва,wine_store,commercial,Москва,213,10,2,винный магазин и покупка вина,винный магазин в Москве,каталог винного магазина с ассортиментом странами ценами наличием доставкой или самовывозом,козловые краны; ресторан без продажи вина; экскурсия на винодельню; статья о вине без покупки
красное сухое вино купить,wine_store,commercial,,,10,2,винный магазин и покупка вина,красное сухое вино,каталог винного магазина с ассортиментом странами ценами наличием доставкой или самовывозом,козловые краны; ресторан без продажи вина; экскурсия на винодельню; статья о вине без покупки
белое вино цена,wine_store,commercial,,,10,2,винный магазин и покупка вина,цена белого вина,каталог винного магазина с ассортиментом странами ценами наличием доставкой или самовывозом,козловые краны; ресторан без продажи вина; экскурсия на винодельню; статья о вине без покупки
игристое вино купить,wine_store,commercial,,,10,2,винный магазин и покупка вина,игристое вино,каталог винного магазина с ассортиментом странами ценами наличием доставкой или самовывозом,козловые краны; ресторан без продажи вина; экскурсия на винодельню; статья о вине без покупки
вино с доставкой,wine_store,commercial,,,10,2,винный магазин и покупка вина,доставка вина,каталог винного магазина с ассортиментом странами ценами наличием доставкой или самовывозом,козловые краны; ресторан без продажи вина; экскурсия на винодельню; статья о вине без покупки
французское вино купить,wine_store,commercial,,,10,2,винный магазин и покупка вина,французское вино,каталог винного магазина с ассортиментом странами ценами наличием доставкой или самовывозом,козловые краны; ресторан без продажи вина; экскурсия на винодельню; статья о вине без покупки
вино к мясу выбрать,wine_store,informational,,,10,2,винный магазин и покупка вина,выбор вина к мясу,каталог винного магазина с ассортиментом странами ценами наличием доставкой или самовывозом,козловые краны; ресторан без продажи вина; экскурсия на винодельню; статья о вине без покупки
винный магазин отзывы,wine_store,comparison,,,10,2,винный магазин и покупка вина,отзывы о винном магазине,каталог винного магазина с ассортиментом странами ценами наличием доставкой или самовывозом,козловые краны; ресторан без продажи вина; экскурсия на винодельню; статья о вине без покупки
как выбрать хорошее вино,wine_store,informational,,,10,2,винный магазин и покупка вина,выбор вина,каталог винного магазина с ассортиментом странами ценами наличием доставкой или самовывозом,козловые краны; ресторан без продажи вина; экскурсия на винодельню; статья о вине без покупки
